# species_index (starts from 1),reaction_index (starts from 1),from,to,directed stoichiometric value
20,1,O3,R1,-1.0
168,1,R1,O3P,1.0
20,2,O3,R2,-1.0
186,2,R2,O1D,1.0
70,3,H2O2,R3,-1.0
62,3,R3,HO,2.0
101,4,NO2,R4,-1.0
168,4,R4,O3P,1.0
49,4,R4,NO,1.0
19,5,NO3,R5,-1.0
49,5,R5,NO,1.0
19,6,NO3,R6,-1.0
168,6,R6,O3P,1.0
101,6,R6,NO2,1.0
118,7,HONO,R7,-1.0
62,7,R7,HO,1.0
49,7,R7,NO,1.0
104,8,HNO3,R8,-1.0
62,8,R8,HO,1.0
101,8,R8,NO2,1.0
4,9,HNO4,R9,-1.0
62,9,R9,HO,0.2
163,9,R9,HO2,0.8
101,9,R9,NO2,0.8
19,9,R9,NO3,0.2
177,10,HCHO,R10,-1.0
108,10,R10,CO,1.0
177,11,HCHO,R11,-1.0
163,11,R11,HO2,2.0
108,11,R11,CO,1.0
71,12,ACD,R12,-1.0
163,12,R12,HO2,1.0
174,12,R12,MO2,1.0
108,12,R12,CO,1.0
180,13,ALD,R13,-1.0
163,13,R13,HO2,1.0
74,13,R13,ETHP,1.0
108,13,R13,CO,1.0
140,14,ACT,R14,-1.0
174,14,R14,MO2,1.0
63,14,R14,ACO3,1.0
140,15,ACT,R15,-1.0
174,15,R15,MO2,2.0
108,15,R15,CO,1.0
100,16,UALD,R16,-1.0
163,16,R16,HO2,1.22
63,16,R16,ACO3,0.784
108,16,R16,CO,1.22
177,16,R16,HCHO,0.35
180,16,R16,ALD,0.434
181,16,R16,KET,0.216
81,17,PINAL,R17,-1.0
163,17,R17,HO2,1.0
59,17,R17,HC10P,1.0
108,17,R17,CO,1.0
147,18,LIMAL,R18,-1.0
163,18,R18,HO2,1.0
59,18,R18,HC10P,1.0
108,18,R18,CO,1.0
156,19,MEK,R19,-1.0
174,19,R19,MO2,0.1
74,19,R19,ETHP,1.0
63,19,R19,ACO3,0.9
108,19,R19,CO,0.1
181,20,KET,R20,-1.0
74,20,R20,ETHP,1.5
63,20,R20,ACO3,0.5
108,20,R20,CO,0.5
10,21,HKET,R21,-1.0
163,21,R21,HO2,1.0
63,21,R21,ACO3,1.0
177,21,R21,HCHO,1.0
148,22,MACR,R22,-1.0
62,22,R22,HO,0.34
163,22,R22,HO2,0.66
63,22,R22,ACO3,0.67
122,22,R22,MACP,0.33
195,22,R22,XO2,0.34
108,22,R22,CO,0.67
177,22,R22,HCHO,0.67
187,23,MVK,R23,-1.0
174,23,R23,MO2,0.3
122,23,R23,MACP,0.3
108,23,R23,CO,0.7
100,23,R23,UALD,0.7
192,24,GLY,R24,-1.0
108,24,R24,CO,2.0
192,25,GLY,R25,-1.0
177,25,R25,HCHO,1.0
108,25,R25,CO,1.0
192,26,GLY,R26,-1.0
163,26,R26,HO2,2.0
108,26,R26,CO,2.0
131,27,MGLY,R27,-1.0
163,27,R27,HO2,1.0
63,27,R27,ACO3,1.0
108,27,R27,CO,1.0
117,28,DCB1,R28,-1.0
163,28,R28,HO2,1.5
63,28,R28,ACO3,0.25
195,28,R28,XO2,0.2
108,28,R28,CO,1.0
192,28,R28,GLY,0.5
131,28,R28,MGLY,0.5
130,29,DCB2,R29,-1.0
163,29,R29,HO2,1.5
63,29,R29,ACO3,0.25
195,29,R29,XO2,0.2
108,29,R29,CO,1.0
192,29,R29,GLY,0.5
131,29,R29,MGLY,0.5
33,30,BALD,R30,-1.0
190,30,R30,CHO,1.0
163,30,R30,HO2,1.0
108,30,R30,CO,1.0
52,31,OP1,R31,-1.0
62,31,R31,HO,1.0
163,31,R31,HO2,1.0
177,31,R31,HCHO,1.0
137,32,OP2,R32,-1.0
62,32,R32,HO,1.0
163,32,R32,HO2,1.0
180,32,R32,ALD,1.0
72,33,OPB,R33,-1.0
62,33,R33,HO,1.0
163,33,R33,HO2,1.0
180,33,R33,ALD,1.0
97,34,OP3,R34,-1.0
62,34,R34,HO,1.0
163,34,R34,HO2,1.0
180,34,R34,ALD,1.0
86,35,PAA,R35,-1.0
62,35,R35,HO,1.0
174,35,R35,MO2,1.0
1,36,ONIT,R36,-1.0
163,36,R36,HO2,1.0
101,36,R36,NO2,1.0
180,36,R36,ALD,0.2
181,36,R36,KET,0.8
8,37,PAN,R37,-1.0
63,37,R37,ACO3,1.0
101,37,R37,NO2,1.0
8,38,PAN,R38,-1.0
174,38,R38,MO2,1.0
19,38,R38,NO3,1.0
141,39,TRPN,R39,-1.0
95,39,hv,R39,-1.0
101,39,R39,NO2,1.0
181,39,R39,KET,0.67
100,39,R39,UALD,0.33
78,40,HONIT,R40,-1.0
95,40,hv,R40,-1.0
10,40,R40,HKET,1.0
101,40,R40,NO2,1.0
20,41,O3,R41,-1.0
62,41,HO,R41,-1.0
163,41,R41,HO2,1.0
20,42,O3,R42,-1.0
163,42,HO2,R42,-1.0
62,42,R42,HO,1.0
20,43,O3,R43,-1.0
49,43,NO,R43,-1.0
101,43,R43,NO2,1.0
20,44,O3,R44,-1.0
101,44,NO2,R44,-1.0
19,44,R44,NO3,1.0
168,45,O3P,R45,-1.0
102,45,O2,R45,-1.0
173,45,M,R45,-1.0
20,45,R45,O3,1.0
168,46,O3P,R46,-1.0
20,46,O3,R46,-1.0
186,47,O1D,R47,-1.0
102,47,O2,R47,-1.0
168,47,R47,O3P,1.0
186,48,O1D,R48,-1.0
32,48,N2,R48,-1.0
168,48,R48,O3P,1.0
186,49,O1D,R49,-1.0
143,49,H2O,R49,-1.0
62,49,R49,HO,2.0
62,50,HO,R50,-1.0
169,50,H2,R50,-1.0
163,50,R50,HO2,1.0
62,51,HO,R51,-1.0
163,51,HO2,R51,-1.0
163,52,HO2,R52,-1.0
163,52,HO2,R52,-1.0
70,52,R52,H2O2,1.0
163,53,HO2,R53,-1.0
163,53,HO2,R53,-1.0
143,53,H2O,R53,-1.0
70,53,R53,H2O2,1.0
70,54,H2O2,R54,-1.0
62,54,HO,R54,-1.0
163,54,R54,HO2,1.0
49,55,NO,R55,-1.0
168,55,O3P,R55,-1.0
101,55,R55,NO2,1.0
49,56,NO,R56,-1.0
62,56,HO,R56,-1.0
118,56,R56,HONO,1.0
49,57,NO,R57,-1.0
163,57,HO2,R57,-1.0
101,57,R57,NO2,1.0
62,57,R57,HO,1.0
49,58,NO,R58,-1.0
163,58,HO2,R58,-1.0
104,58,R58,HNO3,1.0
49,59,NO,R59,-1.0
49,59,NO,R59,-1.0
102,59,O2,R59,-1.0
101,59,R59,NO2,2.0
118,60,HONO,R60,-1.0
62,60,HO,R60,-1.0
101,60,R60,NO2,1.0
101,61,NO2,R61,-1.0
168,61,O3P,R61,-1.0
49,61,R61,NO,1.0
101,62,NO2,R62,-1.0
168,62,O3P,R62,-1.0
19,62,R62,NO3,1.0
101,63,NO2,R63,-1.0
62,63,HO,R63,-1.0
104,63,R63,HNO3,1.0
104,64,HNO3,R64,-1.0
62,64,HO,R64,-1.0
19,64,R64,NO3,1.0
19,65,NO3,R65,-1.0
62,65,HO,R65,-1.0
163,65,R65,HO2,1.0
101,65,R65,NO2,1.0
19,66,NO3,R66,-1.0
163,66,HO2,R66,-1.0
62,66,R66,HO,0.7
101,66,R66,NO2,0.7
104,66,R66,HNO3,0.3
19,67,NO3,R67,-1.0
49,67,NO,R67,-1.0
101,67,R67,NO2,2.0
19,68,NO3,R68,-1.0
101,68,NO2,R68,-1.0
49,68,R68,NO,1.0
101,68,R68,NO2,1.0
19,69,NO3,R69,-1.0
19,69,NO3,R69,-1.0
101,69,R69,NO2,2.0
19,70,NO3,R70,-1.0
101,70,NO2,R70,-1.0
175,70,R70,N2O5,1.0
175,71,N2O5,R71,-1.0
101,71,R71,NO2,1.0
19,71,R71,NO3,1.0
175,72,N2O5,R72,-1.0
143,72,H2O,R72,-1.0
104,72,R72,HNO3,2.0
101,73,NO2,R73,-1.0
163,73,HO2,R73,-1.0
4,73,R73,HNO4,1.0
4,74,HNO4,R74,-1.0
163,74,R74,HO2,1.0
101,74,R74,NO2,1.0
4,75,HNO4,R75,-1.0
62,75,HO,R75,-1.0
101,75,R75,NO2,1.0
85,76,SO2,R76,-1.0
62,76,HO,R76,-1.0
163,76,R76,HO2,1.0
98,76,R76,SULF,1.0
36,76,R76,SULRXN,1.0
108,77,CO,R77,-1.0
62,77,HO,R77,-1.0
163,77,R77,HO2,1.0
62,78,HO,R78,-1.0
15,78,CH4,R78,-1.0
174,78,R78,MO2,1.0
164,79,ETH,R79,-1.0
62,79,HO,R79,-1.0
74,79,R79,ETHP,1.0
16,80,HC3,R80,-1.0
62,80,HO,R80,-1.0
189,80,R80,HC3P,1.0
56,80,R80,ASOATJ,0.0
28,81,HC5,R81,-1.0
62,81,HO,R81,-1.0
58,81,R81,HC5P,1.0
56,81,R81,ASOATJ,0.0013
22,82,ETE,R82,-1.0
62,82,HO,R82,-1.0
26,82,R82,ETEP,1.0
94,83,OLT,R83,-1.0
62,83,HO,R83,-1.0
45,83,R83,OLTP,1.0
178,84,OLI,R84,-1.0
62,84,HO,R84,-1.0
132,84,R84,OLIP,1.0
38,85,ACE,R85,-1.0
62,85,HO,R85,-1.0
62,85,R85,HO,0.65
163,85,R85,HO2,0.35
108,85,R85,CO,0.35
192,85,R85,GLY,0.65
14,85,R85,ORA1,0.35
150,86,BEN,R86,-1.0
62,86,HO,R86,-1.0
146,86,R86,BENP,0.47
12,86,R86,PHEN,0.53
163,86,R86,HO2,0.53
162,87,TOL,R87,-1.0
62,87,HO,R87,-1.0
135,87,R87,TOLP,0.82
55,87,R87,CSL,0.18
163,87,R87,HO2,0.18
24,88,XYL,R88,-1.0
62,88,HO,R88,-1.0
69,88,R88,XYLP,0.83
55,88,R88,CSL,0.17
163,88,R88,HO2,0.17
152,89,EBZ,R89,-1.0
62,89,HO,R89,-1.0
99,89,R89,EBZP,0.82
55,89,R89,CSL,0.18
163,89,R89,HO2,0.18
176,90,ISO,R90,-1.0
20,90,O3,R90,-1.0
62,90,R90,HO,0.25
163,90,R90,HO2,0.25
174,90,R90,MO2,0.4
63,90,R90,ACO3,0.018
122,90,R90,MACP,0.1
70,90,R90,H2O2,0.09
108,90,R90,CO,0.22
177,90,R90,HCHO,1.0
148,90,R90,MACR,0.3
187,90,R90,MVK,0.14
14,90,R90,ORA1,0.28
94,90,R90,OLT,0.153
176,91,ISO,R91,-1.0
19,91,NO3,R91,-1.0
101,91,R91,NO2,0.4
191,91,R91,ISON,0.045
177,91,R91,HCHO,0.35
142,91,R91,INO2,0.555
187,91,R91,MVK,0.26
148,91,R91,MACR,0.028
176,92,ISO,R92,-1.0
62,92,HO,R92,-1.0
25,92,R92,ISOP,1.0
177,92,R92,HCHO,0.25
148,92,R92,MACR,0.03
131,92,R92,MGLY,0.05
25,93,ISOP,R93,-1.0
163,93,HO2,R93,-1.0
66,93,R93,ISHP,1.0
163,93,R93,HO2,0.07
62,93,R93,HO,0.5
25,94,ISOP,R94,-1.0
49,94,NO,R94,-1.0
191,94,R94,ISON,0.13
177,94,R94,HCHO,0.4
163,94,R94,HO2,0.88
101,94,R94,NO2,0.87
148,94,R94,MACR,0.18
187,94,R94,MVK,0.51
66,95,ISHP,R95,-1.0
62,95,HO,R95,-1.0
25,95,R95,ISOP,1.0
66,96,ISHP,R96,-1.0
62,96,HO,R96,-1.0
131,96,R96,MGLY,0.04
192,96,R96,GLY,0.02
187,96,R96,MVK,0.13
88,96,R96,IEPOX,0.44
63,96,R96,ACO3,0.11
148,96,R96,MACR,0.03
62,96,R96,HO,2.0
163,96,R96,HO2,0.34
193,96,R96,IPX,0.14
108,96,R96,CO,1.0
142,97,INO2,R97,-1.0
163,97,HO2,R97,-1.0
62,97,R97,HO,0.45
157,97,R97,INALD,0.95
193,97,R97,IPX,0.02
142,98,INO2,R98,-1.0
49,98,NO,R98,-1.0
187,98,R98,MVK,0.15
157,98,R98,INALD,0.65
191,98,R98,ISON,0.05
177,98,R98,HCHO,0.2
101,98,R98,NO2,1.3
191,99,ISON,R99,-1.0
62,99,HO,R99,-1.0
62,99,R99,HO,1.0
157,99,R99,INALD,0.35
88,99,R99,IEPOX,0.17
101,99,R99,NO2,0.65
157,100,INALD,R100,-1.0
62,100,HO,R100,-1.0
108,100,R100,CO,1.0
101,100,R100,NO2,1.0
163,100,R100,HO2,0.3
177,100,R100,HCHO,1.0
191,101,ISON,R101,-1.0
104,101,R101,HNO3,1.0
29,101,R101,ROH,1.0
193,102,IPX,R102,-1.0
62,102,HO,R102,-1.0
148,102,R102,MACR,0.57
187,102,R102,MVK,0.43
129,103,API,R103,-1.0
62,103,HO,R103,-1.0
133,103,R103,APIP1,0.975
21,103,R103,APIP2,0.025
91,104,LIM,R104,-1.0
62,104,HO,R104,-1.0
13,104,R104,LIMP1,0.945
11,104,R104,LIMP2,0.055
81,105,PINAL,R105,-1.0
62,105,HO,R105,-1.0
128,105,R105,PINALP,0.23
126,105,R105,RCO3,0.77
147,106,LIMAL,R106,-1.0
62,106,HO,R106,-1.0
65,106,R106,LIMALP,0.83
126,106,R106,RCO3,0.17
177,107,HCHO,R107,-1.0
62,107,HO,R107,-1.0
163,107,R107,HO2,1.0
108,107,R107,CO,1.0
71,108,ACD,R108,-1.0
62,108,HO,R108,-1.0
63,108,R108,ACO3,1.0
180,109,ALD,R109,-1.0
62,109,HO,R109,-1.0
126,109,R109,RCO3,1.0
140,110,ACT,R110,-1.0
62,110,HO,R110,-1.0
9,110,R110,ACTP,1.0
156,111,MEK,R111,-1.0
62,111,HO,R111,-1.0
160,111,R111,MEKP,1.0
181,112,KET,R112,-1.0
62,112,HO,R112,-1.0
41,112,R112,KETP,1.0
10,113,HKET,R113,-1.0
62,113,HO,R113,-1.0
163,113,R113,HO2,1.0
131,113,R113,MGLY,1.0
148,114,MACR,R114,-1.0
62,114,HO,R114,-1.0
122,114,R114,MACP,0.57
115,114,R114,MCP,0.43
187,115,MVK,R115,-1.0
62,115,HO,R115,-1.0
43,115,R115,MVKP,1.0
100,116,UALD,R116,-1.0
62,116,HO,R116,-1.0
63,116,R116,ACO3,0.313
3,116,R116,UALP,0.687
192,117,GLY,R117,-1.0
62,117,HO,R117,-1.0
163,117,R117,HO2,1.0
108,117,R117,CO,2.0
131,118,MGLY,R118,-1.0
62,118,HO,R118,-1.0
63,118,R118,ACO3,1.0
108,118,R118,CO,1.0
117,119,DCB1,R119,-1.0
62,119,HO,R119,-1.0
163,119,R119,HO2,0.52
108,119,R119,CO,0.33
180,119,R119,ALD,0.4
181,119,R119,KET,0.78
192,119,R119,GLY,0.1
131,119,R119,MGLY,0.01
130,120,DCB2,R120,-1.0
62,120,HO,R120,-1.0
163,120,R120,HO2,0.52
108,120,R120,CO,0.33
156,120,R120,MEK,0.13
192,120,R120,GLY,0.1
131,120,R120,MGLY,0.01
137,120,R120,OP2,0.78
127,121,DCB3,R121,-1.0
62,121,HO,R121,-1.0
163,121,R121,HO2,0.56
122,121,R121,MACP,0.21
108,121,R121,CO,0.11
192,121,R121,GLY,0.27
131,121,R121,MGLY,0.01
137,121,R121,OP2,0.79
33,122,BALD,R122,-1.0
62,122,HO,R122,-1.0
46,122,R122,BALP,1.0
12,123,PHEN,R123,-1.0
62,123,HO,R123,-1.0
56,123,R123,ASOATJ,0.152
163,123,R123,HO2,0.619
123,123,R123,ADDC,0.17
190,123,R123,CHO,0.059
34,123,R123,MCT,0.619
55,124,CSL,R124,-1.0
62,124,HO,R124,-1.0
56,124,R124,ASOATJ,0.2
163,124,R124,HO2,0.584
123,124,R124,ADDC,0.16
190,124,R124,CHO,0.056
34,124,R124,MCT,0.584
34,125,MCT,R125,-1.0
62,125,HO,R125,-1.0
6,125,R125,MCTO,1.0
167,126,MOH,R126,-1.0
62,126,HO,R126,-1.0
163,126,R126,HO2,1.0
177,126,R126,HCHO,1.0
145,127,EOH,R127,-1.0
62,127,HO,R127,-1.0
163,127,R127,HO2,1.0
71,127,R127,ACD,1.0
29,128,ROH,R128,-1.0
62,128,HO,R128,-1.0
163,128,R128,HO2,1.0
180,128,R128,ALD,0.719
71,128,R128,ACD,0.184
37,129,ETEG,R129,-1.0
62,129,HO,R129,-1.0
163,129,R129,HO2,1.0
180,129,R129,ALD,1.0
52,130,OP1,R130,-1.0
62,130,HO,R130,-1.0
62,130,R130,HO,0.35
174,130,R130,MO2,0.65
177,130,R130,HCHO,0.35
137,131,OP2,R131,-1.0
62,131,HO,R131,-1.0
62,131,R131,HO,0.01
189,131,R131,HC3P,0.44
195,131,R131,XO2,0.07
180,131,R131,ALD,0.08
181,131,R131,KET,0.41
72,132,OPB,R132,-1.0
62,132,HO,R132,-1.0
62,132,R132,HO,0.01
59,132,R132,HC10P,0.44
195,132,R132,XO2,0.07
180,132,R132,ALD,0.08
181,132,R132,KET,0.41
97,133,OP3,R133,-1.0
62,133,HO,R133,-1.0
62,133,R133,HO,0.01
59,133,R133,HC10P,0.44
195,133,R133,XO2,0.07
180,133,R133,ALD,0.08
181,133,R133,KET,0.41
161,134,MAHP,R134,-1.0
62,134,HO,R134,-1.0
122,134,R134,MACP,1.0
14,135,ORA1,R135,-1.0
62,135,HO,R135,-1.0
163,135,R135,HO2,1.0
35,136,ORA2,R136,-1.0
62,136,HO,R136,-1.0
174,136,R136,MO2,0.64
185,136,R136,ORAP,0.36
86,137,PAA,R137,-1.0
62,137,HO,R137,-1.0
62,137,R137,HO,0.35
63,137,R137,ACO3,0.65
195,137,R137,XO2,0.35
177,137,R137,HCHO,0.35
8,138,PAN,R138,-1.0
62,138,HO,R138,-1.0
195,138,R138,XO2,1.0
19,138,R138,NO3,1.0
177,138,R138,HCHO,1.0
5,139,PPN,R139,-1.0
62,139,HO,R139,-1.0
195,139,R139,XO2,1.0
19,139,R139,NO3,1.0
177,139,R139,HCHO,1.0
116,140,MPAN,R140,-1.0
62,140,HO,R140,-1.0
101,140,R140,NO2,1.0
10,140,R140,HKET,1.0
1,141,ONIT,R141,-1.0
62,141,HO,R141,-1.0
189,141,R141,HC3P,1.0
101,141,R141,NO2,1.0
141,142,TRPN,R142,-1.0
62,142,HO,R142,-1.0
78,142,R142,HONIT,0.33
101,142,R142,NO2,0.67
81,142,R142,PINAL,0.27
181,142,R142,KET,0.38
177,142,R142,HCHO,0.21
180,142,R142,ALD,0.02
78,143,HONIT,R143,-1.0
62,143,HO,R143,-1.0
10,143,R143,HKET,1.0
19,143,R143,NO3,1.0
22,144,ETE,R144,-1.0
20,144,O3,R144,-1.0
62,144,R144,HO,0.08
163,144,R144,HO2,0.15
108,144,R144,CO,0.43
177,144,R144,HCHO,1.0
14,144,R144,ORA1,0.37
94,145,OLT,R145,-1.0
20,145,O3,R145,-1.0
62,145,R145,HO,0.22
163,145,R145,HO2,0.32
174,145,R145,MO2,0.08
74,145,R145,ETHP,0.06
189,145,R145,HC3P,0.04
58,145,R145,HC5P,0.02
70,145,R145,H2O2,0.068
108,145,R145,CO,0.43
164,145,R145,ETH,0.02
16,145,R145,HC3,0.015
28,145,R145,HC5,0.006
150,145,R145,BEN,0.032
177,145,R145,HCHO,0.56
71,145,R145,ACD,0.01
180,145,R145,ALD,0.44
140,145,R145,ACT,0.03
33,145,R145,BALD,0.02
156,145,R145,MEK,0.06
10,145,R145,HKET,0.01
14,145,R145,ORA1,0.03
35,145,R145,ORA2,0.06
178,146,OLI,R146,-1.0
20,146,O3,R146,-1.0
62,146,R146,HO,0.46
163,146,R146,HO2,0.07
174,146,R146,MO2,0.32
74,146,R146,ETHP,0.07
189,146,R146,HC3P,0.04
63,146,R146,ACO3,0.09
108,146,R146,CO,0.37
70,146,R146,H2O2,0.026
164,146,R146,ETH,0.01
16,146,R146,HC3,0.01
177,146,R146,HCHO,0.09
71,146,R146,ACD,0.457
180,146,R146,ALD,0.73
140,146,R146,ACT,0.11
181,146,R146,KET,0.017
10,146,R146,HKET,0.044
35,146,R146,ORA2,0.017
129,147,API,R147,-1.0
20,147,O3,R147,-1.0
62,147,R147,HO,0.6055
128,147,R147,PINALP,0.2145
70,147,R147,H2O2,0.255
81,147,R147,PINAL,0.2535
35,147,R147,ORA2,0.0065
163,147,R147,HO2,0.1105
108,147,R147,CO,0.1105
177,147,R147,HCHO,0.459
126,147,R147,RCO3,0.2805
181,147,R147,KET,0.1785
16,147,R147,HC3,0.0665
52,147,R147,OP1,0.0385
14,147,R147,ORA1,0.028
91,148,LIM,R148,-1.0
20,148,O3,R148,-1.0
62,148,R148,HO,0.66
147,148,R148,LIMAL,0.66
63,148,R148,ACO3,0.33
177,148,R148,HCHO,0.33
126,148,R148,RCO3,0.33
70,148,R148,H2O2,0.33
35,148,R148,ORA2,0.01
147,149,LIMAL,R149,-1.0
20,149,O3,R149,-1.0
62,149,R149,HO,0.09
180,149,R149,ALD,1.0
177,149,R149,HCHO,0.62
52,149,R149,OP1,0.23
70,149,R149,H2O2,0.02
14,149,R149,ORA1,0.15
141,150,TRPN,R150,-1.0
20,150,O3,R150,-1.0
78,150,R150,HONIT,0.33
101,150,R150,NO2,0.67
81,150,R150,PINAL,0.27
181,150,R150,KET,0.38
177,150,R150,HCHO,0.21
180,150,R150,ALD,0.02
148,151,MACR,R151,-1.0
20,151,O3,R151,-1.0
62,151,R151,HO,0.19
163,151,R151,HO2,0.14
63,151,R151,ACO3,0.1
108,151,R151,CO,0.22
131,151,R151,MGLY,0.5
14,151,R151,ORA1,0.45
187,152,MVK,R152,-1.0
20,152,O3,R152,-1.0
62,152,R152,HO,0.16
163,152,R152,HO2,0.11
63,152,R152,ACO3,0.28
195,152,R152,XO2,0.01
108,152,R152,CO,0.56
177,152,R152,HCHO,0.1
131,152,R152,MGLY,0.54
14,152,R152,ORA1,0.07
35,152,R152,ORA2,0.07
180,152,R152,ALD,0.1
100,153,UALD,R153,-1.0
20,153,O3,R153,-1.0
62,153,R153,HO,0.1
163,153,R153,HO2,0.072
174,153,R153,MO2,0.008
63,153,R153,ACO3,0.002
195,153,R153,XO2,0.1
108,153,R153,CO,0.243
177,153,R153,HCHO,0.08
71,153,R153,ACD,0.42
181,153,R153,KET,0.028
192,153,R153,GLY,0.491
131,153,R153,MGLY,0.003
14,153,R153,ORA1,0.044
117,154,DCB1,R154,-1.0
20,154,O3,R154,-1.0
62,154,R154,HO,0.05
163,154,R154,HO2,1.0
126,154,R154,RCO3,0.6
195,154,R154,XO2,0.6
108,154,R154,CO,1.5
177,154,R154,HCHO,0.05
192,154,R154,GLY,0.05
131,154,R154,MGLY,0.08
137,154,R154,OP2,0.65
130,155,DCB2,R155,-1.0
20,155,O3,R155,-1.0
62,155,R155,HO,0.05
163,155,R155,HO2,1.0
126,155,R155,RCO3,0.6
195,155,R155,XO2,0.6
108,155,R155,CO,1.5
177,155,R155,HCHO,0.05
192,155,R155,GLY,0.05
131,155,R155,MGLY,0.08
117,155,R155,DCB1,0.7
137,155,R155,OP2,0.65
127,156,DCB3,R156,-1.0
20,156,O3,R156,-1.0
62,156,R156,HO,0.05
163,156,R156,HO2,1.0
108,156,R156,CO,1.5
192,156,R156,GLY,0.48
117,156,R156,DCB1,0.7
14,156,R156,ORA1,0.25
35,156,R156,ORA2,0.25
86,156,R156,PAA,0.11
6,157,MCTO,R157,-1.0
20,157,O3,R157,-1.0
114,157,R157,MCTP,1.0
22,158,ETE,R158,-1.0
19,158,NO3,R158,-1.0
51,158,R158,OLNN,0.8
184,158,R158,OLND,0.2
94,159,OLT,R159,-1.0
19,159,NO3,R159,-1.0
51,159,R159,OLNN,0.43
184,159,R159,OLND,0.57
178,160,OLI,R160,-1.0
19,160,NO3,R160,-1.0
51,160,R160,OLNN,0.11
184,160,R160,OLND,0.89
129,161,API,R161,-1.0
19,161,NO3,R161,-1.0
92,161,R161,APINP1,0.975
172,161,R161,APINP2,0.025
91,162,LIM,R162,-1.0
19,162,NO3,R162,-1.0
149,162,R162,LIMNP1,0.945
44,162,R162,LIMNP2,0.055
141,163,TRPN,R163,-1.0
19,163,NO3,R163,-1.0
78,163,R163,HONIT,0.33
101,163,R163,NO2,0.67
81,163,R163,PINAL,0.27
181,163,R163,KET,0.38
177,163,R163,HCHO,0.21
180,163,R163,ALD,0.02
177,164,HCHO,R164,-1.0
19,164,NO3,R164,-1.0
163,164,R164,HO2,1.0
108,164,R164,CO,1.0
104,164,R164,HNO3,1.0
71,165,ACD,R165,-1.0
19,165,NO3,R165,-1.0
63,165,R165,ACO3,1.0
104,165,R165,HNO3,1.0
180,166,ALD,R166,-1.0
19,166,NO3,R166,-1.0
126,166,R166,RCO3,1.0
104,166,R166,HNO3,1.0
148,167,MACR,R167,-1.0
19,167,NO3,R167,-1.0
177,167,R167,HCHO,0.68
122,167,R167,MACP,0.32
195,167,R167,XO2,0.68
131,167,R167,MGLY,0.68
104,167,R167,HNO3,0.32
101,167,R167,NO2,0.68
100,168,UALD,R168,-1.0
19,168,NO3,R168,-1.0
163,168,R168,HO2,1.0
195,168,R168,XO2,1.0
108,168,R168,CO,0.668
177,168,R168,HCHO,0.332
180,168,R168,ALD,0.332
1,168,R168,ONIT,1.0
192,169,GLY,R169,-1.0
19,169,NO3,R169,-1.0
163,169,R169,HO2,1.0
108,169,R169,CO,2.0
104,169,R169,HNO3,1.0
131,170,MGLY,R170,-1.0
19,170,NO3,R170,-1.0
63,170,R170,ACO3,1.0
108,170,R170,CO,1.0
104,170,R170,HNO3,1.0
12,171,PHEN,R171,-1.0
19,171,NO3,R171,-1.0
56,171,R171,ASOATJ,0.152
190,171,R171,CHO,0.339
123,171,R171,ADDC,0.85
40,171,R171,ADCN,0.424
104,171,R171,HNO3,0.424
55,172,CSL,R172,-1.0
19,172,NO3,R172,-1.0
56,172,R172,ASOATJ,0.2
190,172,R172,CHO,0.32
123,172,R172,ADDC,0.08
40,172,R172,ADCN,0.4
104,172,R172,HNO3,0.4
34,173,MCT,R173,-1.0
19,173,NO3,R173,-1.0
6,173,R173,MCTO,1.0
104,173,R173,HNO3,1.0
116,174,MPAN,R174,-1.0
19,174,NO3,R174,-1.0
122,174,R174,MACP,1.0
101,174,R174,NO2,1.0
128,175,PINALP,R175,-1.0
119,175,R175,HOM,1.0
65,176,LIMALP,R176,-1.0
119,176,R176,HOM,1.0
63,177,ACO3,R177,-1.0
101,177,NO2,R177,-1.0
8,177,R177,PAN,1.0
8,178,PAN,R178,-1.0
63,178,R178,ACO3,1.0
101,178,R178,NO2,1.0
126,179,RCO3,R179,-1.0
101,179,NO2,R179,-1.0
5,179,R179,PPN,1.0
5,180,PPN,R180,-1.0
126,180,R180,RCO3,1.0
101,180,R180,NO2,1.0
122,181,MACP,R181,-1.0
101,181,NO2,R181,-1.0
116,181,R181,MPAN,1.0
116,182,MPAN,R182,-1.0
122,182,R182,MACP,1.0
101,182,R182,NO2,1.0
174,183,MO2,R183,-1.0
49,183,NO,R183,-1.0
163,183,R183,HO2,1.0
101,183,R183,NO2,1.0
177,183,R183,HCHO,1.0
74,184,ETHP,R184,-1.0
49,184,NO,R184,-1.0
163,184,R184,HO2,1.0
101,184,R184,NO2,1.0
71,184,R184,ACD,1.0
189,185,HC3P,R185,-1.0
49,185,NO,R185,-1.0
163,185,R185,HO2,0.66
174,185,R185,MO2,0.131
74,185,R185,ETHP,0.048
195,185,R185,XO2,0.089
101,185,R185,NO2,0.935
71,185,R185,ACD,0.504
180,185,R185,ALD,0.132
140,185,R185,ACT,0.165
156,185,R185,MEK,0.042
1,185,R185,ONIT,0.065
58,186,HC5P,R186,-1.0
49,186,NO,R186,-1.0
163,186,R186,HO2,0.2
174,186,R186,MO2,0.051
74,186,R186,ETHP,0.231
195,186,R186,XO2,0.235
101,186,R186,NO2,0.864
177,186,R186,HCHO,0.018
71,186,R186,ACD,0.045
180,186,R186,ALD,0.203
156,186,R186,MEK,0.033
140,186,R186,ACT,0.217
181,186,R186,KET,0.033
10,186,R186,HKET,0.272
1,186,R186,ONIT,0.136
26,187,ETEP,R187,-1.0
49,187,NO,R187,-1.0
163,187,R187,HO2,1.0
101,187,R187,NO2,1.0
177,187,R187,HCHO,1.6
180,187,R187,ALD,0.2
45,188,OLTP,R188,-1.0
49,188,NO,R188,-1.0
163,188,R188,HO2,0.78
101,188,R188,NO2,0.97
177,188,R188,HCHO,0.78
71,188,R188,ACD,0.012
180,188,R188,ALD,0.44
140,188,R188,ACT,0.06
156,188,R188,MEK,0.13
1,188,R188,ONIT,0.03
132,189,OLIP,R189,-1.0
49,189,NO,R189,-1.0
163,189,R189,HO2,0.83
101,189,R189,NO2,0.95
71,189,R189,ACD,0.81
180,189,R189,ALD,0.68
140,189,R189,ACT,0.2
181,189,R189,KET,0.09
10,189,R189,HKET,0.02
1,189,R189,ONIT,0.05
146,190,BENP,R190,-1.0
49,190,NO,R190,-1.0
1,190,R190,ONIT,0.0
54,190,R190,VROCP4OXY2,0.0012
139,190,R190,VROCN1OXY6,0.0008
101,190,R190,NO2,0.998
163,190,R190,HO2,0.998
33,190,R190,BALD,0.0
192,190,R190,GLY,0.998
53,190,R190,FURANONE,0.499
130,190,R190,DCB2,0.2495
127,190,R190,DCB3,0.2495
135,191,TOLP,R191,-1.0
49,191,NO,R191,-1.0
1,191,R191,ONIT,0.0002
54,191,R191,VROCP4OXY2,0.0013
139,191,R191,VROCN1OXY6,0.0006
101,191,R191,NO2,0.998
163,191,R191,HO2,0.998
33,191,R191,BALD,0.0852
192,191,R191,GLY,0.5477
131,191,R191,MGLY,0.3651
53,191,R191,FURANONE,0.3651
117,191,R191,DCB1,0.5477
69,192,XYLP,R192,-1.0
49,192,NO,R192,-1.0
1,192,R192,ONIT,0.0001
61,192,R192,VROCP3OXY2,0.0013
183,192,R192,VROCP0OXY4,0.0006
101,192,R192,NO2,0.998
163,192,R192,HO2,0.998
33,192,R192,BALD,0.0481
192,192,R192,GLY,0.7029
131,192,R192,MGLY,0.247
53,192,R192,FURANONE,0.3515
130,192,R192,DCB2,0.5984
99,193,EBZP,R193,-1.0
49,193,NO,R193,-1.0
1,193,R193,ONIT,0.0002
61,193,R193,VROCP3OXY2,0.0013
183,193,R193,VROCP0OXY4,0.0006
101,193,R193,NO2,0.998
163,193,R193,HO2,0.998
33,193,R193,BALD,0.0852
192,193,R193,GLY,0.5477
131,193,R193,MGLY,0.3651
53,193,R193,FURANONE,0.4564
130,193,R193,DCB2,0.4564
133,194,APIP1,R194,-1.0
49,194,NO,R194,-1.0
141,194,R194,TRPN,0.237
163,194,R194,HO2,0.763
101,194,R194,NO2,0.763
81,194,R194,PINAL,0.195
180,194,R194,ALD,0.284
140,194,R194,ACT,0.0865
147,194,R194,LIMAL,0.1285
177,194,R194,HCHO,0.308
72,194,R194,OPB,0.0715
181,194,R194,KET,0.084
21,195,APIP2,R195,-1.0
49,195,NO,R195,-1.0
62,195,R195,HO,0.82
101,195,R195,NO2,0.82
119,195,R195,HOM,1.0
92,196,APINP1,R196,-1.0
49,196,NO,R196,-1.0
101,196,R196,NO2,1.6955
141,196,R196,TRPN,0.2345
1,196,R196,ONIT,0.07
81,196,R196,PINAL,0.6045
180,196,R196,ALD,0.154
181,196,R196,KET,0.007
177,196,R196,HCHO,0.007
163,196,R196,HO2,0.1645
172,197,APINP2,R197,-1.0
49,197,NO,R197,-1.0
101,197,R197,NO2,0.82
62,197,R197,HO,0.82
119,197,R197,HOM,1.0
13,198,LIMP1,R198,-1.0
49,198,NO,R198,-1.0
141,198,R198,TRPN,0.23
101,198,R198,NO2,0.77
147,198,R198,LIMAL,0.77
163,198,R198,HO2,0.77
177,198,R198,HCHO,0.43
11,199,LIMP2,R199,-1.0
49,199,NO,R199,-1.0
62,199,R199,HO,0.77
101,199,R199,NO2,0.77
119,199,R199,HOM,1.0
149,200,LIMNP1,R200,-1.0
49,200,NO,R200,-1.0
141,200,R200,TRPN,0.57
1,200,R200,ONIT,0.07
101,200,R200,NO2,1.36
147,200,R200,LIMAL,0.43
163,200,R200,HO2,0.5
44,201,LIMNP2,R201,-1.0
49,201,NO,R201,-1.0
101,201,R201,NO2,0.77
62,201,R201,HO,0.77
119,201,R201,HOM,1.0
128,202,PINALP,R202,-1.0
49,202,NO,R202,-1.0
141,202,R202,TRPN,0.36
119,202,R202,HOM,0.64
101,202,R202,NO2,0.64
65,203,LIMALP,R203,-1.0
49,203,NO,R203,-1.0
141,203,R203,TRPN,0.64
101,203,R203,NO2,0.36
163,203,R203,HO2,0.36
177,203,R203,HCHO,0.36
86,203,R203,PAA,0.36
63,204,ACO3,R204,-1.0
49,204,NO,R204,-1.0
174,204,R204,MO2,1.0
101,204,R204,NO2,1.0
126,205,RCO3,R205,-1.0
49,205,NO,R205,-1.0
74,205,R205,ETHP,1.0
101,205,R205,NO2,1.0
9,206,ACTP,R206,-1.0
49,206,NO,R206,-1.0
63,206,R206,ACO3,1.0
101,206,R206,NO2,1.0
177,206,R206,HCHO,1.0
160,207,MEKP,R207,-1.0
49,207,NO,R207,-1.0
163,207,R207,HO2,0.67
101,207,R207,NO2,1.0
177,207,R207,HCHO,0.33
117,207,R207,DCB1,0.67
41,208,KETP,R208,-1.0
49,208,NO,R208,-1.0
163,208,R208,HO2,0.77
63,208,R208,ACO3,0.23
195,208,R208,XO2,0.16
101,208,R208,NO2,1.0
180,208,R208,ALD,0.46
131,208,R208,MGLY,0.54
122,209,MACP,R209,-1.0
49,209,NO,R209,-1.0
174,209,R209,MO2,0.65
63,209,R209,ACO3,0.35
101,209,R209,NO2,1.0
108,209,R209,CO,0.65
177,209,R209,HCHO,0.65
115,210,MCP,R210,-1.0
49,210,NO,R210,-1.0
101,210,R210,NO2,1.0
163,210,R210,HO2,0.5
177,210,R210,HCHO,0.5
10,210,R210,HKET,1.0
43,211,MVKP,R211,-1.0
49,211,NO,R211,-1.0
163,211,R211,HO2,0.3
63,211,R211,ACO3,0.7
195,211,R211,XO2,0.7
101,211,R211,NO2,1.0
177,211,R211,HCHO,0.3
180,211,R211,ALD,0.7
131,211,R211,MGLY,0.3
3,212,UALP,R212,-1.0
49,212,NO,R212,-1.0
163,212,R212,HO2,1.0
101,212,R212,NO2,1.0
108,212,R212,CO,0.61
177,212,R212,HCHO,0.03
180,212,R212,ALD,0.27
192,212,R212,GLY,0.18
181,212,R212,KET,0.7
131,212,R212,MGLY,0.21
46,213,BALP,R213,-1.0
49,213,NO,R213,-1.0
196,213,R213,BAL1,1.0
101,213,R213,NO2,1.0
196,214,BAL1,R214,-1.0
49,214,NO,R214,-1.0
90,214,R214,BAL2,1.0
101,214,R214,NO2,1.0
123,215,ADDC,R215,-1.0
49,215,NO,R215,-1.0
163,215,R215,HO2,1.0
101,215,R215,NO2,1.0
10,215,R215,HKET,0.32
192,215,R215,GLY,0.68
137,215,R215,OP2,0.68
114,216,MCTP,R216,-1.0
49,216,NO,R216,-1.0
6,216,R216,MCTO,1.0
101,216,R216,NO2,1.0
185,217,ORAP,R217,-1.0
49,217,NO,R217,-1.0
101,217,R217,NO2,1.0
192,217,R217,GLY,1.0
163,217,R217,HO2,1.0
51,218,OLNN,R218,-1.0
49,218,NO,R218,-1.0
101,218,R218,NO2,1.0
163,218,R218,HO2,1.0
1,218,R218,ONIT,1.0
184,219,OLND,R219,-1.0
49,219,NO,R219,-1.0
101,219,R219,NO2,2.0
177,219,R219,HCHO,0.287
180,219,R219,ALD,1.24
181,219,R219,KET,0.464
40,220,ADCN,R220,-1.0
49,220,NO,R220,-1.0
101,220,R220,NO2,2.0
192,220,R220,GLY,1.0
137,220,R220,OP2,1.0
195,221,XO2,R221,-1.0
49,221,NO,R221,-1.0
101,221,R221,NO2,1.0
90,222,BAL2,R222,-1.0
101,222,NO2,R222,-1.0
1,222,R222,ONIT,1.0
190,223,CHO,R223,-1.0
101,223,NO2,R223,-1.0
1,223,R223,ONIT,1.0
6,224,MCTO,R224,-1.0
101,224,NO2,R224,-1.0
1,224,R224,ONIT,1.0
174,225,MO2,R225,-1.0
163,225,HO2,R225,-1.0
52,225,R225,OP1,1.0
74,226,ETHP,R226,-1.0
163,226,HO2,R226,-1.0
137,226,R226,OP2,1.0
189,227,HC3P,R227,-1.0
163,227,HO2,R227,-1.0
137,227,R227,OP2,1.0
58,228,HC5P,R228,-1.0
163,228,HO2,R228,-1.0
137,228,R228,OP2,1.0
26,229,ETEP,R229,-1.0
163,229,HO2,R229,-1.0
137,229,R229,OP2,1.0
45,230,OLTP,R230,-1.0
163,230,HO2,R230,-1.0
137,230,R230,OP2,1.0
132,231,OLIP,R231,-1.0
163,231,HO2,R231,-1.0
137,231,R231,OP2,1.0
146,232,BENP,R232,-1.0
163,232,HO2,R232,-1.0
137,232,R232,OP2,0.6021
139,232,R232,VROCN1OXY6,0.3979
135,233,TOLP,R233,-1.0
163,233,HO2,R233,-1.0
137,233,R233,OP2,0.7195
139,233,R233,VROCN1OXY6,0.2805
69,234,XYLP,R234,-1.0
163,234,HO2,R234,-1.0
137,234,R234,OP2,0.0482
97,234,R234,OP3,0.6747
183,234,R234,VROCP0OXY4,0.2771
99,235,EBZP,R235,-1.0
163,235,HO2,R235,-1.0
137,235,R235,OP2,0.0854
97,235,R235,OP3,0.6341
183,235,R235,VROCP0OXY4,0.2805
133,236,APIP1,R236,-1.0
163,236,HO2,R236,-1.0
140,236,R236,ACT,0.039
147,236,R236,LIMAL,0.039
177,236,R236,HCHO,0.0625
72,236,R236,OPB,0.762
163,236,R236,HO2,0.3225
81,236,R236,PINAL,0.1885
62,236,R236,HO,0.238
181,236,R236,KET,0.0105
21,237,APIP2,R237,-1.0
163,237,HO2,R237,-1.0
119,237,R237,HOM,1.0
92,238,APINP1,R238,-1.0
163,238,HO2,R238,-1.0
141,238,R238,TRPN,0.461
81,238,R238,PINAL,0.455
101,238,R238,NO2,0.539
62,238,R238,HO,0.6195
180,238,R238,ALD,0.077
181,238,R238,KET,0.007
177,238,R238,HCHO,0.007
172,239,APINP2,R239,-1.0
163,239,HO2,R239,-1.0
119,239,R239,HOM,1.0
13,240,LIMP1,R240,-1.0
163,240,HO2,R240,-1.0
72,240,R240,OPB,0.9
147,240,R240,LIMAL,0.1
62,240,R240,HO,0.1
163,240,R240,HO2,0.1
177,240,R240,HCHO,0.06
11,241,LIMP2,R241,-1.0
163,241,HO2,R241,-1.0
119,241,R241,HOM,1.0
149,242,LIMNP1,R242,-1.0
163,242,HO2,R242,-1.0
141,242,R242,TRPN,0.77
62,242,R242,HO,0.5
147,242,R242,LIMAL,0.23
101,242,R242,NO2,0.23
163,242,R242,HO2,0.27
44,243,LIMNP2,R243,-1.0
163,243,HO2,R243,-1.0
119,243,R243,HOM,1.0
128,244,PINALP,R244,-1.0
163,244,HO2,R244,-1.0
72,244,R244,OPB,0.75
62,244,R244,HO,0.25
119,244,R244,HOM,0.25
65,245,LIMALP,R245,-1.0
163,245,HO2,R245,-1.0
72,245,R245,OPB,0.9
62,245,R245,HO,0.1
163,245,R245,HO2,0.1
177,245,R245,HCHO,0.1
86,245,R245,PAA,0.1
63,246,ACO3,R246,-1.0
163,246,HO2,R246,-1.0
62,246,R246,HO,0.44
174,246,R246,MO2,0.44
35,246,R246,ORA2,0.15
86,246,R246,PAA,0.41
126,247,RCO3,R247,-1.0
163,247,HO2,R247,-1.0
62,247,R247,HO,0.44
74,247,R247,ETHP,0.44
35,247,R247,ORA2,0.15
86,247,R247,PAA,0.41
9,248,ACTP,R248,-1.0
163,248,HO2,R248,-1.0
62,248,R248,HO,0.15
63,248,R248,ACO3,0.15
177,248,R248,HCHO,0.15
137,248,R248,OP2,0.85
160,249,MEKP,R249,-1.0
163,249,HO2,R249,-1.0
137,249,R249,OP2,1.0
41,250,KETP,R250,-1.0
163,250,HO2,R250,-1.0
137,250,R250,OP2,1.0
122,251,MACP,R251,-1.0
163,251,HO2,R251,-1.0
161,251,R251,MAHP,1.0
115,252,MCP,R252,-1.0
163,252,HO2,R252,-1.0
161,252,R252,MAHP,1.0
43,253,MVKP,R253,-1.0
163,253,HO2,R253,-1.0
137,253,R253,OP2,1.0
3,254,UALP,R254,-1.0
163,254,HO2,R254,-1.0
137,254,R254,OP2,1.0
123,255,ADDC,R255,-1.0
163,255,HO2,R255,-1.0
137,255,R255,OP2,1.0
190,256,CHO,R256,-1.0
163,256,HO2,R256,-1.0
55,256,R256,CSL,1.0
114,257,MCTP,R257,-1.0
163,257,HO2,R257,-1.0
137,257,R257,OP2,1.0
185,258,ORAP,R258,-1.0
163,258,HO2,R258,-1.0
137,258,R258,OP2,1.0
51,259,OLNN,R259,-1.0
163,259,HO2,R259,-1.0
1,259,R259,ONIT,1.0
184,260,OLND,R260,-1.0
163,260,HO2,R260,-1.0
1,260,R260,ONIT,1.0
40,261,ADCN,R261,-1.0
163,261,HO2,R261,-1.0
137,261,R261,OP2,1.0
195,262,XO2,R262,-1.0
163,262,HO2,R262,-1.0
137,262,R262,OP2,1.0
174,263,MO2,R263,-1.0
174,263,MO2,R263,-1.0
163,263,R263,HO2,0.74
177,263,R263,HCHO,1.37
167,263,R263,MOH,0.63
74,264,ETHP,R264,-1.0
174,264,MO2,R264,-1.0
163,264,R264,HO2,1.0
177,264,R264,HCHO,0.75
71,264,R264,ACD,0.75
167,264,R264,MOH,0.25
145,264,R264,EOH,0.25
189,265,HC3P,R265,-1.0
174,265,MO2,R265,-1.0
163,265,R265,HO2,0.894
174,265,R265,MO2,0.08
74,265,R265,ETHP,0.026
195,265,R265,XO2,0.026
177,265,R265,HCHO,0.827
180,265,R265,ALD,0.198
181,265,R265,KET,0.497
192,265,R265,GLY,0.05
167,265,R265,MOH,0.25
29,265,R265,ROH,0.25
58,266,HC5P,R266,-1.0
174,266,MO2,R266,-1.0
163,266,R266,HO2,0.842
174,266,R266,MO2,0.018
74,266,R266,ETHP,0.14
195,266,R266,XO2,0.191
177,266,R266,HCHO,0.777
180,266,R266,ALD,0.251
181,266,R266,KET,0.618
167,266,R266,MOH,0.25
29,266,R266,ROH,0.25
26,267,ETEP,R267,-1.0
174,267,MO2,R267,-1.0
163,267,R267,HO2,1.0
177,267,R267,HCHO,1.95
180,267,R267,ALD,0.15
167,267,R267,MOH,0.25
37,267,R267,ETEG,0.25
45,268,OLTP,R268,-1.0
174,268,MO2,R268,-1.0
163,268,R268,HO2,1.0
177,268,R268,HCHO,1.5
180,268,R268,ALD,0.705
181,268,R268,KET,0.045
167,268,R268,MOH,0.25
29,268,R268,ROH,0.25
132,269,OLIP,R269,-1.0
174,269,MO2,R269,-1.0
163,269,R269,HO2,1.0
177,269,R269,HCHO,0.75
180,269,R269,ALD,1.28
181,269,R269,KET,0.218
167,269,R269,MOH,0.25
29,269,R269,ROH,0.25
146,270,BENP,R270,-1.0
174,270,MO2,R270,-1.0
177,270,R270,HCHO,0.68
163,270,R270,HO2,1.37
167,270,R270,MOH,0.32
33,270,R270,BALD,0.0
192,270,R270,GLY,1.0
53,270,R270,FURANONE,0.5
130,270,R270,DCB2,0.25
127,270,R270,DCB3,0.25
135,271,TOLP,R271,-1.0
174,271,MO2,R271,-1.0
177,271,R271,HCHO,0.68
163,271,R271,HO2,1.2846
167,271,R271,MOH,0.32
33,271,R271,BALD,0.0854
192,271,R271,GLY,0.5488
131,271,R271,MGLY,0.3659
53,271,R271,FURANONE,0.3659
117,271,R271,DCB1,0.5488
69,272,XYLP,R272,-1.0
174,272,MO2,R272,-1.0
177,272,R272,HCHO,0.68
163,272,R272,HO2,1.3218
167,272,R272,MOH,0.32
33,272,R272,BALD,0.0482
192,272,R272,GLY,0.7043
131,272,R272,MGLY,0.2475
53,272,R272,FURANONE,0.3522
130,272,R272,DCB2,0.5996
99,273,EBZP,R273,-1.0
174,273,MO2,R273,-1.0
177,273,R273,HCHO,0.68
163,273,R273,HO2,1.2846
167,273,R273,MOH,0.32
33,273,R273,BALD,0.0854
192,273,R273,GLY,0.5488
131,273,R273,MGLY,0.3659
53,273,R273,FURANONE,0.4573
130,273,R273,DCB2,0.4573
25,274,ISOP,R274,-1.0
174,274,MO2,R274,-1.0
163,274,R274,HO2,1.0
177,274,R274,HCHO,1.31
148,274,R274,MACR,0.159
187,274,R274,MVK,0.25
167,274,R274,MOH,0.25
29,274,R274,ROH,0.25
180,274,R274,ALD,0.023
192,274,R274,GLY,0.018
10,274,R274,HKET,0.016
133,275,APIP1,R275,-1.0
174,275,MO2,R275,-1.0
177,275,R275,HCHO,1.0295
147,275,R275,LIMAL,0.2205
81,275,R275,PINAL,0.273
180,275,R275,ALD,0.2385
72,275,R275,OPB,0.0845
167,275,R275,MOH,0.1105
181,275,R275,KET,0.1835
140,275,R275,ACT,0.067
163,275,R275,HO2,1.279
21,276,APIP2,R276,-1.0
174,276,MO2,R276,-1.0
163,276,R276,HO2,1.0
177,276,R276,HCHO,0.75
167,276,R276,MOH,0.25
119,276,R276,HOM,1.0
92,277,APINP1,R277,-1.0
174,277,MO2,R277,-1.0
141,277,R277,TRPN,0.341
177,277,R277,HCHO,0.964
167,277,R277,MOH,0.043
163,277,R277,HO2,0.918
101,277,R277,NO2,0.659
81,277,R277,PINAL,0.533
181,277,R277,KET,0.007
180,277,R277,ALD,0.119
172,278,APINP2,R278,-1.0
174,278,MO2,R278,-1.0
163,278,R278,HO2,0.75
101,278,R278,NO2,0.75
167,278,R278,MOH,0.25
177,278,R278,HCHO,0.75
119,278,R278,HOM,1.0
13,279,LIMP1,R279,-1.0
174,279,MO2,R279,-1.0
167,279,R279,MOH,0.25
147,279,R279,LIMAL,1.0
177,279,R279,HCHO,1.03
163,279,R279,HO2,1.0
11,280,LIMP2,R280,-1.0
174,280,MO2,R280,-1.0
163,280,R280,HO2,1.0
177,280,R280,HCHO,0.75
167,280,R280,MOH,0.25
119,280,R280,HOM,1.0
149,281,LIMNP1,R281,-1.0
174,281,MO2,R281,-1.0
141,281,R281,TRPN,0.69
177,281,R281,HCHO,0.91
167,281,R281,MOH,0.09
163,281,R281,HO2,1.01
147,281,R281,LIMAL,0.31
101,281,R281,NO2,0.31
44,282,LIMNP2,R282,-1.0
174,282,MO2,R282,-1.0
163,282,R282,HO2,0.75
177,282,R282,HCHO,0.75
101,282,R282,NO2,0.75
167,282,R282,MOH,0.25
119,282,R282,HOM,1.0
63,283,ACO3,R283,-1.0
174,283,MO2,R283,-1.0
163,283,R283,HO2,0.9
174,283,R283,MO2,0.9
177,283,R283,HCHO,1.0
35,283,R283,ORA2,0.1
126,284,RCO3,R284,-1.0
174,284,MO2,R284,-1.0
163,284,R284,HO2,0.9
174,284,R284,MO2,0.9
177,284,R284,HCHO,1.0
35,284,R284,ORA2,0.1
9,285,ACTP,R285,-1.0
174,285,MO2,R285,-1.0
163,285,R285,HO2,0.5
63,285,R285,ACO3,0.5
177,285,R285,HCHO,1.5
167,285,R285,MOH,0.25
29,285,R285,ROH,0.25
35,285,R285,ORA2,0.125
160,286,MEKP,R286,-1.0
174,286,MO2,R286,-1.0
163,286,R286,HO2,0.834
177,286,R286,HCHO,1.0
117,286,R286,DCB1,0.334
167,286,R286,MOH,0.25
29,286,R286,ROH,0.25
41,287,KETP,R287,-1.0
174,287,MO2,R287,-1.0
163,287,R287,HO2,1.0
177,287,R287,HCHO,0.75
117,287,R287,DCB1,0.5
167,287,R287,MOH,0.25
29,287,R287,ROH,0.25
122,288,MACP,R288,-1.0
174,288,MO2,R288,-1.0
163,288,R288,HO2,0.5
63,288,R288,ACO3,0.269
108,288,R288,CO,0.5
177,288,R288,HCHO,1.66
35,288,R288,ORA2,0.067
174,288,R288,MO2,0.25
167,288,R288,MOH,0.25
29,288,R288,ROH,0.25
115,289,MCP,R289,-1.0
174,289,MO2,R289,-1.0
101,289,R289,NO2,1.0
163,289,R289,HO2,1.0
177,289,R289,HCHO,1.5
10,289,R289,HKET,0.5
167,289,R289,MOH,0.25
29,289,R289,ROH,0.25
43,290,MVKP,R290,-1.0
174,290,MO2,R290,-1.0
163,290,R290,HO2,1.0
63,290,R290,ACO3,1.16
195,290,R290,XO2,1.16
177,290,R290,HCHO,1.5
180,290,R290,ALD,1.75
131,290,R290,MGLY,0.5
167,290,R290,MOH,0.25
29,290,R290,ROH,0.25
35,290,R290,ORA2,0.292
3,291,UALP,R291,-1.0
174,291,MO2,R291,-1.0
163,291,R291,HO2,1.0
108,291,R291,CO,0.305
177,291,R291,HCHO,0.773
180,291,R291,ALD,0.203
181,291,R291,KET,0.525
192,291,R291,GLY,0.135
131,291,R291,MGLY,0.105
167,291,R291,MOH,0.25
29,291,R291,ROH,0.25
46,292,BALP,R292,-1.0
174,292,MO2,R292,-1.0
163,292,R292,HO2,1.0
196,292,R292,BAL1,1.0
177,292,R292,HCHO,1.0
196,293,BAL1,R293,-1.0
174,293,MO2,R293,-1.0
163,293,R293,HO2,1.0
90,293,R293,BAL2,1.0
177,293,R293,HCHO,1.0
123,294,ADDC,R294,-1.0
174,294,MO2,R294,-1.0
163,294,R294,HO2,2.0
177,294,R294,HCHO,1.0
10,294,R294,HKET,0.32
192,294,R294,GLY,0.68
137,294,R294,OP2,0.68
114,295,MCTP,R295,-1.0
174,295,MO2,R295,-1.0
163,295,R295,HO2,1.0
6,295,R295,MCTO,1.0
177,295,R295,HCHO,1.0
185,296,ORAP,R296,-1.0
174,296,MO2,R296,-1.0
177,296,R296,HCHO,1.0
163,296,R296,HO2,1.0
192,296,R296,GLY,1.0
51,297,OLNN,R297,-1.0
174,297,MO2,R297,-1.0
163,297,R297,HO2,2.0
177,297,R297,HCHO,1.0
1,297,R297,ONIT,1.0
184,298,OLND,R298,-1.0
174,298,MO2,R298,-1.0
163,298,R298,HO2,0.5
101,298,R298,NO2,0.5
177,298,R298,HCHO,0.965
180,298,R298,ALD,0.93
181,298,R298,KET,0.348
167,298,R298,MOH,0.25
29,298,R298,ROH,0.25
1,298,R298,ONIT,0.5
40,299,ADCN,R299,-1.0
174,299,MO2,R299,-1.0
163,299,R299,HO2,1.0
101,299,R299,NO2,0.7
177,299,R299,HCHO,1.0
192,299,R299,GLY,0.7
137,299,R299,OP2,0.7
1,299,R299,ONIT,0.3
195,300,XO2,R300,-1.0
174,300,MO2,R300,-1.0
163,300,R300,HO2,1.0
177,300,R300,HCHO,1.0
74,301,ETHP,R301,-1.0
63,301,ACO3,R301,-1.0
163,301,R301,HO2,0.5
174,301,R301,MO2,0.5
71,301,R301,ACD,1.0
35,301,R301,ORA2,0.5
189,302,HC3P,R302,-1.0
63,302,ACO3,R302,-1.0
163,302,R302,HO2,0.394
174,302,R302,MO2,0.58
74,302,R302,ETHP,0.026
195,302,R302,XO2,0.026
177,302,R302,HCHO,0.13
180,302,R302,ALD,0.273
181,302,R302,KET,0.662
192,302,R302,GLY,0.067
35,302,R302,ORA2,0.5
58,303,HC5P,R303,-1.0
63,303,ACO3,R303,-1.0
163,303,R303,HO2,0.342
174,303,R303,MO2,0.518
74,303,R303,ETHP,0.14
195,303,R303,XO2,0.191
177,303,R303,HCHO,0.042
180,303,R303,ALD,0.381
181,303,R303,KET,0.824
35,303,R303,ORA2,0.5
26,304,ETEP,R304,-1.0
63,304,ACO3,R304,-1.0
163,304,R304,HO2,0.5
174,304,R304,MO2,0.5
177,304,R304,HCHO,1.6
180,304,R304,ALD,0.2
35,304,R304,ORA2,0.5
45,305,OLTP,R305,-1.0
63,305,ACO3,R305,-1.0
163,305,R305,HO2,0.5
174,305,R305,MO2,0.5
177,305,R305,HCHO,1.0
180,305,R305,ALD,0.94
181,305,R305,KET,0.06
35,305,R305,ORA2,0.5
132,306,OLIP,R306,-1.0
63,306,ACO3,R306,-1.0
163,306,R306,HO2,0.5
174,306,R306,MO2,0.5
180,306,R306,ALD,1.71
181,306,R306,KET,0.29
35,306,R306,ORA2,0.5
146,307,BENP,R307,-1.0
63,307,ACO3,R307,-1.0
174,307,R307,MO2,0.7
163,307,R307,HO2,1.0
35,307,R307,ORA2,0.3
33,307,R307,BALD,0.0
192,307,R307,GLY,1.0
53,307,R307,FURANONE,0.5
130,307,R307,DCB2,0.25
127,307,R307,DCB3,0.25
135,308,TOLP,R308,-1.0
63,308,ACO3,R308,-1.0
174,308,R308,MO2,0.7
163,308,R308,HO2,0.9146
35,308,R308,ORA2,0.3
33,308,R308,BALD,0.0854
192,308,R308,GLY,0.5488
131,308,R308,MGLY,0.3659
53,308,R308,FURANONE,0.3659
117,308,R308,DCB1,0.5488
69,309,XYLP,R309,-1.0
63,309,ACO3,R309,-1.0
174,309,R309,MO2,0.7
163,309,R309,HO2,0.9518
35,309,R309,ORA2,0.3
33,309,R309,BALD,0.0482
192,309,R309,GLY,0.7043
131,309,R309,MGLY,0.2475
53,309,R309,FURANONE,0.3522
130,309,R309,DCB2,0.5996
99,310,EBZP,R310,-1.0
63,310,ACO3,R310,-1.0
174,310,R310,MO2,0.7
163,310,R310,HO2,0.9146
35,310,R310,ORA2,0.3
33,310,R310,BALD,0.0854
192,310,R310,GLY,0.5488
131,310,R310,MGLY,0.3659
53,310,R310,FURANONE,0.4573
130,310,R310,DCB2,0.4573
25,311,ISOP,R311,-1.0
63,311,ACO3,R311,-1.0
163,311,R311,HO2,0.5
174,311,R311,MO2,0.5
177,311,R311,HCHO,1.048
148,311,R311,MACR,0.219
187,311,R311,MVK,0.305
35,311,R311,ORA2,0.5
133,312,APIP1,R312,-1.0
63,312,ACO3,R312,-1.0
81,312,R312,PINAL,0.2535
180,312,R312,ALD,0.371
72,312,R312,OPB,0.091
140,312,R312,ACT,0.1165
147,312,R312,LIMAL,0.1725
177,312,R312,HCHO,0.403
163,312,R312,HO2,1.0
174,312,R312,MO2,1.0
181,312,R312,KET,0.112
21,313,APIP2,R313,-1.0
63,313,ACO3,R313,-1.0
62,313,R313,HO,0.5
174,313,R313,MO2,0.5
35,313,R313,ORA2,0.5
119,313,R313,HOM,1.0
92,314,APINP1,R314,-1.0
63,314,ACO3,R314,-1.0
101,314,R314,NO2,0.825
81,314,R314,PINAL,0.65
174,314,R314,MO2,1.0
141,314,R314,TRPN,0.175
180,314,R314,ALD,0.168
181,314,R314,KET,0.007
177,314,R314,HCHO,0.007
163,314,R314,HO2,0.175
172,315,APINP2,R315,-1.0
63,315,ACO3,R315,-1.0
101,315,R315,NO2,0.5
174,315,R315,MO2,0.5
35,315,R315,ORA2,0.5
119,315,R315,HOM,1.0
13,316,LIMP1,R316,-1.0
63,316,ACO3,R316,-1.0
147,316,R316,LIMAL,1.0
177,316,R316,HCHO,0.56
163,316,R316,HO2,1.0
174,316,R316,MO2,1.0
11,317,LIMP2,R317,-1.0
63,317,ACO3,R317,-1.0
62,317,R317,HO,0.5
174,317,R317,MO2,0.5
35,317,R317,ORA2,0.5
119,317,R317,HOM,1.0
149,318,LIMNP1,R318,-1.0
63,318,ACO3,R318,-1.0
174,318,R318,MO2,1.0
101,318,R318,NO2,0.46
147,318,R318,LIMAL,0.46
141,318,R318,TRPN,0.54
163,318,R318,HO2,0.54
44,319,LIMNP2,R319,-1.0
63,319,ACO3,R319,-1.0
174,319,R319,MO2,0.5
101,319,R319,NO2,0.5
35,319,R319,ORA2,0.5
119,319,R319,HOM,1.0
63,320,ACO3,R320,-1.0
63,320,ACO3,R320,-1.0
174,320,R320,MO2,2.0
126,321,RCO3,R321,-1.0
63,321,ACO3,R321,-1.0
174,321,R321,MO2,1.0
74,321,R321,ETHP,1.0
9,322,ACTP,R322,-1.0
63,322,ACO3,R322,-1.0
174,322,R322,MO2,0.5
63,322,R322,ACO3,0.5
177,322,R322,HCHO,1.0
35,322,R322,ORA2,0.75
160,323,MEKP,R323,-1.0
63,323,ACO3,R323,-1.0
163,323,R323,HO2,0.33
174,323,R323,MO2,0.5
177,323,R323,HCHO,0.33
117,323,R323,DCB1,0.334
35,323,R323,ORA2,0.5
41,324,KETP,R324,-1.0
63,324,ACO3,R324,-1.0
163,324,R324,HO2,0.5
174,324,R324,MO2,0.5
117,324,R324,DCB1,0.5
35,324,R324,ORA2,0.5
122,325,MACP,R325,-1.0
63,325,ACO3,R325,-1.0
35,325,R325,ORA2,0.635
174,325,R325,MO2,0.5
63,325,R325,ACO3,0.269
108,325,R325,CO,0.5
177,325,R325,HCHO,1.0
115,326,MCP,R326,-1.0
63,326,ACO3,R326,-1.0
101,326,R326,NO2,1.0
163,326,R326,HO2,0.5
177,326,R326,HCHO,1.0
10,326,R326,HKET,0.5
174,326,R326,MO2,0.5
35,326,R326,ORA2,0.5
43,327,MVKP,R327,-1.0
63,327,ACO3,R327,-1.0
163,327,R327,HO2,0.5
174,327,R327,MO2,0.5
63,327,R327,ACO3,1.16
195,327,R327,XO2,1.16
177,327,R327,HCHO,1.0
180,327,R327,ALD,2.3
131,327,R327,MGLY,0.5
35,327,R327,ORA2,1.083
3,328,UALP,R328,-1.0
63,328,ACO3,R328,-1.0
163,328,R328,HO2,0.5
174,328,R328,MO2,0.5
108,328,R328,CO,0.5
177,328,R328,HCHO,0.03
180,328,R328,ALD,0.27
181,328,R328,KET,0.7
192,328,R328,GLY,0.18
131,328,R328,MGLY,0.105
35,328,R328,ORA2,0.5
46,329,BALP,R329,-1.0
63,329,ACO3,R329,-1.0
174,329,R329,MO2,1.0
196,329,R329,BAL1,1.0
196,330,BAL1,R330,-1.0
63,330,ACO3,R330,-1.0
174,330,R330,MO2,1.0
90,330,R330,BAL2,1.0
123,331,ADDC,R331,-1.0
63,331,ACO3,R331,-1.0
163,331,R331,HO2,2.0
174,331,R331,MO2,1.0
10,331,R331,HKET,0.32
192,331,R331,GLY,0.68
137,331,R331,OP2,0.68
114,332,MCTP,R332,-1.0
63,332,ACO3,R332,-1.0
163,332,R332,HO2,1.0
174,332,R332,MO2,1.0
6,332,R332,MCTO,1.0
185,333,ORAP,R333,-1.0
63,333,ACO3,R333,-1.0
174,333,R333,MO2,1.0
192,333,R333,GLY,1.0
51,334,OLNN,R334,-1.0
63,334,ACO3,R334,-1.0
163,334,R334,HO2,1.0
174,334,R334,MO2,1.0
1,334,R334,ONIT,1.0
184,335,OLND,R335,-1.0
63,335,ACO3,R335,-1.0
174,335,R335,MO2,0.5
101,335,R335,NO2,1.0
177,335,R335,HCHO,0.287
180,335,R335,ALD,1.24
181,335,R335,KET,0.464
35,335,R335,ORA2,0.5
40,336,ADCN,R336,-1.0
63,336,ACO3,R336,-1.0
163,336,R336,HO2,1.0
174,336,R336,MO2,1.0
101,336,R336,NO2,0.7
192,336,R336,GLY,0.7
137,336,R336,OP2,0.7
1,336,R336,ONIT,0.3
195,337,XO2,R337,-1.0
63,337,ACO3,R337,-1.0
174,337,R337,MO2,1.0
126,338,RCO3,R338,-1.0
126,338,RCO3,R338,-1.0
74,338,R338,ETHP,2.0
174,339,MO2,R339,-1.0
19,339,NO3,R339,-1.0
163,339,R339,HO2,1.0
177,339,R339,HCHO,1.0
101,339,R339,NO2,1.0
74,340,ETHP,R340,-1.0
19,340,NO3,R340,-1.0
163,340,R340,HO2,1.0
101,340,R340,NO2,1.0
71,340,R340,ACD,1.0
189,341,HC3P,R341,-1.0
19,341,NO3,R341,-1.0
163,341,R341,HO2,0.254
174,341,R341,MO2,0.14
195,341,R341,XO2,0.092
74,341,R341,ETHP,0.503
101,341,R341,NO2,1.0
71,341,R341,ACD,0.519
180,341,R341,ALD,0.147
156,341,R341,MEK,0.075
140,341,R341,ACT,0.095
58,342,HC5P,R342,-1.0
19,342,NO3,R342,-1.0
163,342,R342,HO2,0.488
174,342,R342,MO2,0.055
74,342,R342,ETHP,0.28
195,342,R342,XO2,0.485
101,342,R342,NO2,1.0
177,342,R342,HCHO,0.024
180,342,R342,ALD,0.241
181,342,R342,KET,0.06
156,342,R342,MEK,0.063
140,342,R342,ACT,0.247
71,342,R342,ACD,0.048
10,342,R342,HKET,0.275
26,343,ETEP,R343,-1.0
19,343,NO3,R343,-1.0
163,343,R343,HO2,1.0
101,343,R343,NO2,1.0
177,343,R343,HCHO,1.6
180,343,R343,ALD,0.2
45,344,OLTP,R344,-1.0
19,344,NO3,R344,-1.0
180,344,R344,ALD,0.47
177,344,R344,HCHO,0.79
163,344,R344,HO2,0.79
101,344,R344,NO2,1.0
156,344,R344,MEK,0.18
71,344,R344,ACD,0.02
140,344,R344,ACT,0.09
132,345,OLIP,R345,-1.0
19,345,NO3,R345,-1.0
163,345,R345,HO2,0.86
180,345,R345,ALD,0.72
181,345,R345,KET,0.11
101,345,R345,NO2,1.0
140,345,R345,ACT,0.2
71,345,R345,ACD,0.85
10,345,R345,HKET,0.04
146,346,BENP,R346,-1.0
19,346,NO3,R346,-1.0
101,346,R346,NO2,1.0
163,346,R346,HO2,1.0
33,346,R346,BALD,0.0
192,346,R346,GLY,1.0
53,346,R346,FURANONE,0.5
130,346,R346,DCB2,0.25
127,346,R346,DCB3,0.25
135,347,TOLP,R347,-1.0
19,347,NO3,R347,-1.0
101,347,R347,NO2,1.0
163,347,R347,HO2,0.9146
33,347,R347,BALD,0.0854
192,347,R347,GLY,0.5488
131,347,R347,MGLY,0.3659
53,347,R347,FURANONE,0.3659
117,347,R347,DCB1,0.5488
69,348,XYLP,R348,-1.0
19,348,NO3,R348,-1.0
101,348,R348,NO2,1.0
163,348,R348,HO2,0.9518
33,348,R348,BALD,0.0482
192,348,R348,GLY,0.7043
131,348,R348,MGLY,0.2475
53,348,R348,FURANONE,0.3522
130,348,R348,DCB2,0.5996
99,349,EBZP,R349,-1.0
19,349,NO3,R349,-1.0
101,349,R349,NO2,1.0
163,349,R349,HO2,0.9146
33,349,R349,BALD,0.0854
192,349,R349,GLY,0.5488
131,349,R349,MGLY,0.3659
53,349,R349,FURANONE,0.4573
130,349,R349,DCB2,0.4573
25,350,ISOP,R350,-1.0
19,350,NO3,R350,-1.0
163,350,R350,HO2,1.0
101,350,R350,NO2,1.0
177,350,R350,HCHO,0.75
148,350,R350,MACR,0.318
187,350,R350,MVK,0.5
192,350,R350,GLY,0.024
10,350,R350,HKET,0.033
180,350,R350,ALD,0.031
133,351,APIP1,R351,-1.0
19,351,NO3,R351,-1.0
101,351,R351,NO2,1.0
163,351,R351,HO2,1.0
81,351,R351,PINAL,0.2535
180,351,R351,ALD,0.371
140,351,R351,ACT,0.1165
147,351,R351,LIMAL,0.1725
177,351,R351,HCHO,0.403
72,351,R351,OPB,0.091
181,351,R351,KET,0.112
13,352,LIMP1,R352,-1.0
19,352,NO3,R352,-1.0
101,352,R352,NO2,1.0
147,352,R352,LIMAL,1.0
163,352,R352,HO2,1.0
177,352,R352,HCHO,0.56
92,353,APINP1,R353,-1.0
19,353,NO3,R353,-1.0
101,353,R353,NO2,1.825
81,353,R353,PINAL,0.65
141,353,R353,TRPN,0.175
180,353,R353,ALD,0.168
181,353,R353,KET,0.007
177,353,R353,HCHO,0.007
163,353,R353,HO2,0.175
149,354,LIMNP1,R354,-1.0
19,354,NO3,R354,-1.0
101,354,R354,NO2,1.46
147,354,R354,LIMAL,0.46
141,354,R354,TRPN,0.54
163,354,R354,HO2,0.54
63,355,ACO3,R355,-1.0
19,355,NO3,R355,-1.0
174,355,R355,MO2,1.0
101,355,R355,NO2,1.0
126,356,RCO3,R356,-1.0
19,356,NO3,R356,-1.0
74,356,R356,ETHP,1.0
101,356,R356,NO2,1.0
9,357,ACTP,R357,-1.0
19,357,NO3,R357,-1.0
63,357,R357,ACO3,1.0
101,357,R357,NO2,1.0
177,357,R357,HCHO,1.0
160,358,MEKP,R358,-1.0
19,358,NO3,R358,-1.0
163,358,R358,HO2,0.67
101,358,R358,NO2,1.0
177,358,R358,HCHO,0.33
117,358,R358,DCB1,0.67
41,359,KETP,R359,-1.0
19,359,NO3,R359,-1.0
163,359,R359,HO2,1.0
101,359,R359,NO2,1.0
117,359,R359,DCB1,1.0
122,360,MACP,R360,-1.0
19,360,NO3,R360,-1.0
177,360,R360,HCHO,1.0
63,360,R360,ACO3,0.538
108,360,R360,CO,1.0
101,360,R360,NO2,1.0
115,361,MCP,R361,-1.0
19,361,NO3,R361,-1.0
101,361,R361,NO2,1.0
163,361,R361,HO2,1.0
177,361,R361,HCHO,1.0
10,361,R361,HKET,1.0
43,362,MVKP,R362,-1.0
19,362,NO3,R362,-1.0
163,362,R362,HO2,0.3
63,362,R362,ACO3,0.7
195,362,R362,XO2,0.7
101,362,R362,NO2,1.0
177,362,R362,HCHO,0.3
180,362,R362,ALD,0.7
131,362,R362,MGLY,0.3
3,363,UALP,R363,-1.0
19,363,NO3,R363,-1.0
163,363,R363,HO2,1.0
101,363,R363,NO2,1.0
108,363,R363,CO,0.61
177,363,R363,HCHO,0.03
180,363,R363,ALD,0.27
181,363,R363,KET,0.7
192,363,R363,GLY,0.18
131,363,R363,MGLY,0.21
46,364,BALP,R364,-1.0
19,364,NO3,R364,-1.0
196,364,R364,BAL1,1.0
101,364,R364,NO2,1.0
196,365,BAL1,R365,-1.0
19,365,NO3,R365,-1.0
90,365,R365,BAL2,1.0
101,365,R365,NO2,1.0
123,366,ADDC,R366,-1.0
19,366,NO3,R366,-1.0
163,366,R366,HO2,1.0
101,366,R366,NO2,1.0
10,366,R366,HKET,0.32
192,366,R366,GLY,0.68
137,366,R366,OP2,0.68
114,367,MCTP,R367,-1.0
19,367,NO3,R367,-1.0
101,367,R367,NO2,1.0
6,367,R367,MCTO,1.0
185,368,ORAP,R368,-1.0
19,368,NO3,R368,-1.0
101,368,R368,NO2,1.0
192,368,R368,GLY,1.0
163,368,R368,HO2,1.0
51,369,OLNN,R369,-1.0
19,369,NO3,R369,-1.0
163,369,R369,HO2,1.0
101,369,R369,NO2,1.0
1,369,R369,ONIT,1.0
184,370,OLND,R370,-1.0
19,370,NO3,R370,-1.0
101,370,R370,NO2,2.0
177,370,R370,HCHO,0.287
180,370,R370,ALD,1.24
181,370,R370,KET,0.464
40,371,ADCN,R371,-1.0
19,371,NO3,R371,-1.0
101,371,R371,NO2,2.0
192,371,R371,GLY,1.0
137,371,R371,OP2,1.0
51,372,OLNN,R372,-1.0
51,372,OLNN,R372,-1.0
163,372,R372,HO2,1.0
1,372,R372,ONIT,2.0
51,373,OLNN,R373,-1.0
184,373,OLND,R373,-1.0
163,373,R373,HO2,0.5
101,373,R373,NO2,0.5
177,373,R373,HCHO,0.202
180,373,R373,ALD,0.64
181,373,R373,KET,0.149
1,373,R373,ONIT,1.5
184,374,OLND,R374,-1.0
184,374,OLND,R374,-1.0
101,374,R374,NO2,1.0
177,374,R374,HCHO,0.504
180,374,R374,ALD,1.21
181,374,R374,KET,0.285
1,374,R374,ONIT,1.0
195,375,XO2,R375,-1.0
19,375,NO3,R375,-1.0
101,375,R375,NO2,1.0
195,376,XO2,R376,-1.0
126,376,RCO3,R376,-1.0
74,376,R376,ETHP,1.0
195,377,XO2,R377,-1.0
195,377,XO2,R377,-1.0
21,378,APIP2,R378,-1.0
133,378,APIP1,R378,-1.0
119,378,R378,HOM,0.96
29,378,R378,ROH,0.48
81,378,R378,PINAL,0.48
62,378,R378,HO,0.48
163,378,R378,HO2,0.48
166,378,R378,ELHOM,0.04
21,379,APIP2,R379,-1.0
13,379,LIMP1,R379,-1.0
119,379,R379,HOM,0.96
29,379,R379,ROH,0.48
147,379,R379,LIMAL,0.48
62,379,R379,HO,0.48
163,379,R379,HO2,0.48
166,379,R379,ELHOM,0.04
21,380,APIP2,R380,-1.0
25,380,ISOP,R380,-1.0
119,380,R380,HOM,0.96
29,380,R380,ROH,0.48
177,380,R380,HCHO,0.48
187,380,R380,MVK,0.48
62,380,R380,HO,0.48
163,380,R380,HO2,0.48
166,380,R380,ELHOM,0.04
11,381,LIMP2,R381,-1.0
133,381,APIP1,R381,-1.0
119,381,R381,HOM,0.96
29,381,R381,ROH,0.48
81,381,R381,PINAL,0.48
62,381,R381,HO,0.48
163,381,R381,HO2,0.48
166,381,R381,ELHOM,0.04
11,382,LIMP2,R382,-1.0
13,382,LIMP1,R382,-1.0
119,382,R382,HOM,0.96
29,382,R382,ROH,0.48
147,382,R382,LIMAL,0.48
62,382,R382,HO,0.48
163,382,R382,HO2,0.48
166,382,R382,ELHOM,0.04
11,383,LIMP2,R383,-1.0
25,383,ISOP,R383,-1.0
119,383,R383,HOM,0.96
29,383,R383,ROH,0.48
177,383,R383,HCHO,0.48
187,383,R383,MVK,0.48
62,383,R383,HO,0.48
163,383,R383,HO2,0.48
166,383,R383,ELHOM,0.04
172,384,APINP2,R384,-1.0
133,384,APIP1,R384,-1.0
119,384,R384,HOM,0.96
29,384,R384,ROH,0.48
81,384,R384,PINAL,0.48
101,384,R384,NO2,0.48
163,384,R384,HO2,0.48
166,384,R384,ELHOM,0.04
172,385,APINP2,R385,-1.0
13,385,LIMP1,R385,-1.0
119,385,R385,HOM,0.96
29,385,R385,ROH,0.48
147,385,R385,LIMAL,0.48
101,385,R385,NO2,0.48
163,385,R385,HO2,0.48
166,385,R385,ELHOM,0.04
172,386,APINP2,R386,-1.0
25,386,ISOP,R386,-1.0
119,386,R386,HOM,0.96
29,386,R386,ROH,0.48
177,386,R386,HCHO,0.48
187,386,R386,MVK,0.48
101,386,R386,NO2,0.48
163,386,R386,HO2,0.48
166,386,R386,ELHOM,0.04
44,387,LIMNP2,R387,-1.0
133,387,APIP1,R387,-1.0
119,387,R387,HOM,0.96
29,387,R387,ROH,0.48
81,387,R387,PINAL,0.48
101,387,R387,NO2,0.48
163,387,R387,HO2,0.48
166,387,R387,ELHOM,0.04
44,388,LIMNP2,R388,-1.0
13,388,LIMP1,R388,-1.0
119,388,R388,HOM,0.96
29,388,R388,ROH,0.48
147,388,R388,LIMAL,0.48
101,388,R388,NO2,0.48
163,388,R388,HO2,0.48
166,388,R388,ELHOM,0.04
44,389,LIMNP2,R389,-1.0
25,389,ISOP,R389,-1.0
119,389,R389,HOM,0.96
29,389,R389,ROH,0.48
177,389,R389,HCHO,0.48
187,389,R389,MVK,0.48
101,389,R389,NO2,0.48
163,389,R389,HO2,0.48
166,389,R389,ELHOM,0.04
88,390,IEPOX,R390,-1.0
62,390,HO,R390,-1.0
62,390,R390,HO,1.0
83,391,VROCIOXY,R391,-1.0
62,391,HO,R391,-1.0
74,391,R391,ETHP,0.852
56,391,R391,ASOATJ,0.149
171,392,SLOWROC,R392,-1.0
62,392,HO,R392,-1.0
74,392,R392,ETHP,1.0
56,392,R392,ASOATJ,0.001
30,393,ACRO,R393,-1.0
62,393,HO,R393,-1.0
122,393,R393,MACP,0.57
115,393,R393,MCP,0.43
30,394,ACRO,R394,-1.0
20,394,O3,R394,-1.0
108,394,R394,CO,0.84
163,394,R394,HO2,0.56
62,394,R394,HO,0.28
177,394,R394,HCHO,0.72
192,394,R394,GLY,0.62
30,395,ACRO,R395,-1.0
19,395,NO3,R395,-1.0
177,395,R395,HCHO,0.68
122,395,R395,MACP,0.32
195,395,R395,XO2,0.68
131,395,R395,MGLY,0.68
104,395,R395,HNO3,0.32
101,395,R395,NO2,0.68
30,396,ACRO,R396,-1.0
108,396,R396,CO,1.0
163,396,R396,HO2,0.477
22,396,R396,ETE,0.25
63,396,R396,ACO3,0.354
62,396,R396,HO,0.204
177,396,R396,HCHO,0.15
174,396,R396,MO2,0.027
110,397,BDE13,R397,-1.0
62,397,HO,R397,-1.0
154,397,R397,BDE13P,0.667
100,397,R397,UALD,0.333
163,397,R397,HO2,0.333
154,398,BDE13P,R398,-1.0
49,398,NO,R398,-1.0
163,398,R398,HO2,0.968
101,398,R398,NO2,0.968
30,398,R398,ACRO,0.895
177,398,R398,HCHO,0.895
17,398,R398,FURAN,0.072
1,398,R398,ONIT,0.032
154,399,BDE13P,R399,-1.0
19,399,NO3,R399,-1.0
163,399,R399,HO2,1.0
101,399,R399,NO2,1.0
30,399,R399,ACRO,0.925
177,399,R399,HCHO,0.925
17,399,R399,FURAN,0.075
154,400,BDE13P,R400,-1.0
163,400,HO2,R400,-1.0
137,400,R400,OP2,1.0
154,401,BDE13P,R401,-1.0
174,401,MO2,R401,-1.0
167,401,R401,MOH,0.32
177,401,R401,HCHO,1.143
163,401,R401,HO2,0.87
30,401,R401,ACRO,0.463
94,401,R401,OLT,0.25
187,401,R401,MVK,0.231
17,401,R401,FURAN,0.037
100,401,R401,UALD,0.019
154,402,BDE13P,R402,-1.0
63,402,ACO3,R402,-1.0
174,402,R402,MO2,0.7
35,402,R402,ORA2,0.3
163,402,R402,HO2,0.8
30,402,R402,ACRO,0.74
177,402,R402,HCHO,0.74
187,402,R402,MVK,0.185
17,402,R402,FURAN,0.06
100,402,R402,UALD,0.015
110,403,BDE13,R403,-1.0
20,403,O3,R403,-1.0
30,403,R403,ACRO,0.62
108,403,R403,CO,0.63
163,403,R403,HO2,0.42
62,403,R403,HO,0.08
177,403,R403,HCHO,0.83
22,403,R403,ETE,0.17
110,404,BDE13,R404,-1.0
19,404,NO3,R404,-1.0
51,404,R404,OLNN,0.9
184,404,R404,OLND,0.1
30,404,R404,ACRO,0.9
17,405,FURAN,R405,-1.0
62,405,HO,R405,-1.0
117,405,R405,DCB1,0.49
163,405,R405,HO2,0.49
182,405,R405,FURANO2,0.51
182,406,FURANO2,R406,-1.0
49,406,NO,R406,-1.0
1,406,R406,ONIT,0.08
101,406,R406,NO2,0.92
53,406,R406,FURANONE,0.92
163,406,R406,HO2,0.75
174,406,R406,MO2,0.17
182,407,FURANO2,R407,-1.0
163,407,HO2,R407,-1.0
137,407,R407,OP2,0.6
53,407,R407,FURANONE,0.4
62,407,R407,HO,0.4
163,407,R407,HO2,0.32
174,407,R407,MO2,0.08
53,408,FURANONE,R408,-1.0
62,408,HO,R408,-1.0
181,408,R408,KET,0.65
192,408,R408,GLY,0.31
163,408,R408,HO2,0.66
174,408,R408,MO2,0.34
108,408,R408,CO,0.43
56,408,R408,ASOATJ,0.04
17,409,FURAN,R409,-1.0
20,409,O3,R409,-1.0
62,409,R409,HO,0.02
180,409,R409,ALD,1.0
17,410,FURAN,R410,-1.0
19,410,NO3,R410,-1.0
101,410,R410,NO2,1.0
117,410,R410,DCB1,0.8
127,410,R410,DCB3,0.2
27,411,PROG,R411,-1.0
62,411,HO,R411,-1.0
10,411,R411,HKET,0.613
180,411,R411,ALD,0.387
163,411,R411,HO2,1.0
113,412,SESQ,R412,-1.0
19,412,NO3,R412,-1.0
107,412,R412,SESQNRO2,1.0
107,413,SESQNRO2,R413,-1.0
163,413,HO2,R413,-1.0
183,413,R413,VROCP0OXY4,1.0
107,414,SESQNRO2,R414,-1.0
49,414,NO,R414,-1.0
61,414,R414,VROCP3OXY2,1.0
101,414,R414,NO2,2.0
107,415,SESQNRO2,R415,-1.0
19,415,NO3,R415,-1.0
61,415,R415,VROCP3OXY2,1.0
101,415,R415,NO2,2.0
113,416,SESQ,R416,-1.0
20,416,O3,R416,-1.0
61,416,R416,VROCP3OXY2,0.982
67,416,R416,VROCN2OXY2,0.018
113,417,SESQ,R417,-1.0
62,417,HO,R417,-1.0
188,417,R417,SESQRO2,1.0
188,418,SESQRO2,R418,-1.0
163,418,HO2,R418,-1.0
75,418,R418,VROCP0OXY2,1.0
188,419,SESQRO2,R419,-1.0
19,419,NO3,R419,-1.0
61,419,R419,VROCP3OXY2,1.0
188,420,SESQRO2,R420,-1.0
49,420,NO,R420,-1.0
84,420,R420,VROCP1OXY3,0.247
61,420,R420,VROCP3OXY2,0.753
101,420,R420,NO2,0.753
192,421,GLY,R421,-1.0
151,421,R421,AGLYJ,1.0
131,422,MGLY,R422,-1.0
151,422,R422,AGLYJ,1.0
175,423,N2O5,R423,-1.0
104,423,R423,HNO3,2.0
101,424,NO2,R424,-1.0
118,424,R424,HONO,0.5
104,424,R424,HNO3,0.5
163,425,HO2,R425,-1.0
143,425,R425,H2O,1.0
19,426,NO3,R426,-1.0
104,426,R426,HNO3,1.0
20,427,O3,R427,-1.0
88,428,IEPOX,R428,-1.0
138,428,R428,IEPOXP,1.0
138,429,IEPOXP,R429,-1.0
144,429,R429,AISO3NOSJ,1.0
138,430,IEPOXP,R430,-1.0
57,430,ASO4J,R430,-1.0
194,430,R430,AISO3OSJ,1.0
193,431,IPX,R431,-1.0
134,431,R431,AISO4J,1.0
157,432,INALD,R432,-1.0
39,432,R432,AISO5J,1.0
104,432,R432,HNO3,1.0
7,433,VROCP6ALK,R433,-1.0
62,433,HO,R433,-1.0
31,433,R433,VROCP6ALKP,1.0
158,434,VROCP5ALK,R434,-1.0
62,434,HO,R434,-1.0
105,434,R434,VROCP5ALKP,1.0
73,435,VROCP4ALK,R435,-1.0
62,435,HO,R435,-1.0
77,435,R435,VROCP4ALKP,1.0
80,436,VROCP3ALK,R436,-1.0
62,436,HO,R436,-1.0
42,436,R436,VROCP3ALKP,1.0
18,437,VROCP2ALK,R437,-1.0
62,437,HO,R437,-1.0
153,437,R437,VROCP2ALKP,1.0
165,438,VROCP1ALK,R438,-1.0
62,438,HO,R438,-1.0
23,438,R438,VROCP1ALKP,1.0
93,439,HC10,R439,-1.0
62,439,HO,R439,-1.0
59,439,R439,HC10P,1.0
31,440,VROCP6ALKP,R440,-1.0
49,440,NO,R440,-1.0
109,440,R440,VROCP6ALKP2,0.72
54,440,R440,VROCP4OXY2,0.28
101,440,R440,NO2,0.72
105,441,VROCP5ALKP,R441,-1.0
49,441,NO,R441,-1.0
76,441,R441,VROCP5ALKP2,0.72
61,441,R441,VROCP3OXY2,0.28
101,441,R441,NO2,0.72
77,442,VROCP4ALKP,R442,-1.0
49,442,NO,R442,-1.0
87,442,R442,VROCP4ALKP2,0.72
136,442,R442,VROCP2OXY2,0.28
101,442,R442,NO2,0.72
42,443,VROCP3ALKP,R443,-1.0
49,443,NO,R443,-1.0
96,443,R443,VROCP3ALKP2,0.72
125,443,R443,VROCP1OXY1,0.28
101,443,R443,NO2,0.72
153,444,VROCP2ALKP,R444,-1.0
49,444,NO,R444,-1.0
48,444,R444,VROCP2ALKP2,0.72
75,444,R444,VROCP0OXY2,0.28
101,444,R444,NO2,0.72
23,445,VROCP1ALKP,R445,-1.0
49,445,NO,R445,-1.0
68,445,R445,VROCP1ALKP2,0.72
50,445,R445,VROCN1OXY1,0.28
101,445,R445,NO2,0.72
59,446,HC10P,R446,-1.0
49,446,NO,R446,-1.0
120,446,R446,HC10P2,0.74
1,446,R446,ONIT,0.26
101,446,R446,NO2,0.74
31,447,VROCP6ALKP,R447,-1.0
19,447,NO3,R447,-1.0
109,447,R447,VROCP6ALKP2,1.0
101,447,R447,NO2,1.0
105,448,VROCP5ALKP,R448,-1.0
19,448,NO3,R448,-1.0
76,448,R448,VROCP5ALKP2,1.0
101,448,R448,NO2,1.0
77,449,VROCP4ALKP,R449,-1.0
19,449,NO3,R449,-1.0
87,449,R449,VROCP4ALKP2,1.0
101,449,R449,NO2,1.0
42,450,VROCP3ALKP,R450,-1.0
19,450,NO3,R450,-1.0
96,450,R450,VROCP3ALKP2,1.0
101,450,R450,NO2,1.0
153,451,VROCP2ALKP,R451,-1.0
19,451,NO3,R451,-1.0
48,451,R451,VROCP2ALKP2,1.0
101,451,R451,NO2,1.0
23,452,VROCP1ALKP,R452,-1.0
19,452,NO3,R452,-1.0
68,452,R452,VROCP1ALKP2,1.0
101,452,R452,NO2,1.0
59,453,HC10P,R453,-1.0
19,453,NO3,R453,-1.0
120,453,R453,HC10P2,1.0
101,453,R453,NO2,1.0
31,454,VROCP6ALKP,R454,-1.0
163,454,HO2,R454,-1.0
61,454,R454,VROCP3OXY2,1.0
105,455,VROCP5ALKP,R455,-1.0
163,455,HO2,R455,-1.0
136,455,R455,VROCP2OXY2,1.0
77,456,VROCP4ALKP,R456,-1.0
163,456,HO2,R456,-1.0
125,456,R456,VROCP1OXY1,1.0
42,457,VROCP3ALKP,R457,-1.0
163,457,HO2,R457,-1.0
75,457,R457,VROCP0OXY2,1.0
153,458,VROCP2ALKP,R458,-1.0
163,458,HO2,R458,-1.0
50,458,R458,VROCN1OXY1,1.0
23,459,VROCP1ALKP,R459,-1.0
163,459,HO2,R459,-1.0
67,459,R459,VROCN2OXY2,1.0
59,460,HC10P,R460,-1.0
163,460,HO2,R460,-1.0
137,460,R460,OP2,1.0
109,461,VROCP6ALKP2,R461,-1.0
163,461,R461,HO2,1.0
61,461,R461,VROCP3OXY2,1.0
76,462,VROCP5ALKP2,R462,-1.0
163,462,R462,HO2,1.0
136,462,R462,VROCP2OXY2,1.0
87,463,VROCP4ALKP2,R463,-1.0
163,463,R463,HO2,1.0
125,463,R463,VROCP1OXY1,1.0
96,464,VROCP3ALKP2,R464,-1.0
163,464,R464,HO2,1.0
75,464,R464,VROCP0OXY2,1.0
48,465,VROCP2ALKP2,R465,-1.0
163,465,R465,HO2,1.0
50,465,R465,VROCN1OXY1,1.0
68,466,VROCP1ALKP2,R466,-1.0
163,466,R466,HO2,1.0
67,466,R466,VROCN2OXY2,1.0
120,467,HC10P2,R467,-1.0
163,467,R467,HO2,1.0
54,467,R467,VROCP4OXY2,1.0
109,468,VROCP6ALKP2,R468,-1.0
49,468,NO,R468,-1.0
136,468,R468,VROCP2OXY2,0.14
101,468,R468,NO2,0.86
61,468,R468,VROCP3OXY2,0.86
163,468,R468,HO2,0.86
76,469,VROCP5ALKP2,R469,-1.0
49,469,NO,R469,-1.0
84,469,R469,VROCP1OXY3,0.14
101,469,R469,NO2,0.86
136,469,R469,VROCP2OXY2,0.86
163,469,R469,HO2,0.86
87,470,VROCP4ALKP2,R470,-1.0
49,470,NO,R470,-1.0
75,470,R470,VROCP0OXY2,0.14
101,470,R470,NO2,0.86
125,470,R470,VROCP1OXY1,0.86
163,470,R470,HO2,0.86
96,471,VROCP3ALKP2,R471,-1.0
49,471,NO,R471,-1.0
50,471,R471,VROCN1OXY1,0.14
101,471,R471,NO2,0.86
75,471,R471,VROCP0OXY2,0.86
163,471,R471,HO2,0.86
48,472,VROCP2ALKP2,R472,-1.0
49,472,NO,R472,-1.0
67,472,R472,VROCN2OXY2,0.14
101,472,R472,NO2,0.86
50,472,R472,VROCN1OXY1,0.86
163,472,R472,HO2,0.86
68,473,VROCP1ALKP2,R473,-1.0
49,473,NO,R473,-1.0
67,473,R473,VROCN2OXY2,1.0
101,473,R473,NO2,0.86
163,473,R473,HO2,0.86
120,474,HC10P2,R474,-1.0
49,474,NO,R474,-1.0
1,474,R474,ONIT,0.12
101,474,R474,NO2,0.88
181,474,R474,KET,0.88
163,474,R474,HO2,0.88
109,475,VROCP6ALKP2,R475,-1.0
19,475,NO3,R475,-1.0
101,475,R475,NO2,1.0
61,475,R475,VROCP3OXY2,1.0
163,475,R475,HO2,1.0
76,476,VROCP5ALKP2,R476,-1.0
19,476,NO3,R476,-1.0
101,476,R476,NO2,1.0
136,476,R476,VROCP2OXY2,1.0
163,476,R476,HO2,1.0
87,477,VROCP4ALKP2,R477,-1.0
19,477,NO3,R477,-1.0
101,477,R477,NO2,1.0
125,477,R477,VROCP1OXY1,1.0
163,477,R477,HO2,1.0
96,478,VROCP3ALKP2,R478,-1.0
19,478,NO3,R478,-1.0
101,478,R478,NO2,1.0
75,478,R478,VROCP0OXY2,1.0
163,478,R478,HO2,1.0
48,479,VROCP2ALKP2,R479,-1.0
19,479,NO3,R479,-1.0
101,479,R479,NO2,1.0
50,479,R479,VROCN1OXY1,1.0
163,479,R479,HO2,1.0
68,480,VROCP1ALKP2,R480,-1.0
19,480,NO3,R480,-1.0
101,480,R480,NO2,1.0
67,480,R480,VROCN2OXY2,1.0
163,480,R480,HO2,1.0
120,481,HC10P2,R481,-1.0
19,481,NO3,R481,-1.0
101,481,R481,NO2,1.0
181,481,R481,KET,1.0
163,481,R481,HO2,1.0
109,482,VROCP6ALKP2,R482,-1.0
163,482,HO2,R482,-1.0
84,482,R482,VROCP1OXY3,1.0
76,483,VROCP5ALKP2,R483,-1.0
163,483,HO2,R483,-1.0
75,483,R483,VROCP0OXY2,1.0
87,484,VROCP4ALKP2,R484,-1.0
163,484,HO2,R484,-1.0
50,484,R484,VROCN1OXY1,1.0
96,485,VROCP3ALKP2,R485,-1.0
163,485,HO2,R485,-1.0
67,485,R485,VROCN2OXY2,1.0
48,486,VROCP2ALKP2,R486,-1.0
163,486,HO2,R486,-1.0
67,486,R486,VROCN2OXY2,1.0
68,487,VROCP1ALKP2,R487,-1.0
163,487,HO2,R487,-1.0
67,487,R487,VROCN2OXY2,1.0
120,488,HC10P2,R488,-1.0
163,488,HO2,R488,-1.0
136,488,R488,VROCP2OXY2,1.0
103,489,VROCP6ARO,R489,-1.0
62,489,HO,R489,-1.0
159,489,R489,VROCP6AROP,0.84
163,489,R489,HO2,0.16
54,489,R489,VROCP4OXY2,0.16
159,490,VROCP6AROP,R490,-1.0
163,490,HO2,R490,-1.0
54,490,R490,VROCP4OXY2,0.0595
84,490,R490,VROCP1OXY3,0.9048
89,490,R490,VROCN2OXY4,0.0357
159,491,VROCP6AROP,R491,-1.0
49,491,NO,R491,-1.0
54,491,R491,VROCP4OXY2,0.0001
136,491,R491,VROCP2OXY2,0.0018
112,491,R491,VROCN1OXY3,0.0001
101,491,R491,NO2,0.998
163,491,R491,HO2,0.998
33,491,R491,BALD,0.0594
192,491,R491,GLY,0.4693
131,491,R491,MGLY,0.4693
53,491,R491,FURANONE,0.4693
130,491,R491,DCB2,0.4693
159,492,VROCP6AROP,R492,-1.0
19,492,NO3,R492,-1.0
101,492,R492,NO2,1.0
163,492,R492,HO2,0.9405
33,492,R492,BALD,0.0595
192,492,R492,GLY,0.4702
131,492,R492,MGLY,0.4702
53,492,R492,FURANONE,0.4702
130,492,R492,DCB2,0.4702
159,493,VROCP6AROP,R493,-1.0
174,493,MO2,R493,-1.0
177,493,R493,HCHO,0.68
163,493,R493,HO2,1.3105
167,493,R493,MOH,0.32
33,493,R493,BALD,0.0595
192,493,R493,GLY,0.4702
131,493,R493,MGLY,0.4702
53,493,R493,FURANONE,0.4702
130,493,R493,DCB2,0.4702
159,494,VROCP6AROP,R494,-1.0
63,494,ACO3,R494,-1.0
174,494,R494,MO2,0.7
163,494,R494,HO2,0.9405
35,494,R494,ORA2,0.3
33,494,R494,BALD,0.0595
192,494,R494,GLY,0.4702
131,494,R494,MGLY,0.4702
53,494,R494,FURANONE,0.4702
130,494,R494,DCB2,0.4702
2,495,VROCP5ARO,R495,-1.0
62,495,HO,R495,-1.0
124,495,R495,VROCP5AROP,0.84
163,495,R495,HO2,0.16
61,495,R495,VROCP3OXY2,0.16
124,496,VROCP5AROP,R496,-1.0
163,496,HO2,R496,-1.0
61,496,R496,VROCP3OXY2,0.0595
75,496,R496,VROCP0OXY2,0.9048
89,496,R496,VROCN2OXY4,0.0357
124,497,VROCP5AROP,R497,-1.0
49,497,NO,R497,-1.0
61,497,R497,VROCP3OXY2,0.0001
84,497,R497,VROCP1OXY3,0.0018
89,497,R497,VROCN2OXY4,0.0001
101,497,R497,NO2,0.998
163,497,R497,HO2,0.998
54,497,R497,VROCP4OXY2,0.0594
192,497,R497,GLY,0.4693
131,497,R497,MGLY,0.4693
53,497,R497,FURANONE,0.4693
130,497,R497,DCB2,0.4693
124,498,VROCP5AROP,R498,-1.0
19,498,NO3,R498,-1.0
101,498,R498,NO2,1.0
163,498,R498,HO2,0.9405
54,498,R498,VROCP4OXY2,0.0595
192,498,R498,GLY,0.4702
131,498,R498,MGLY,0.4702
53,498,R498,FURANONE,0.4702
130,498,R498,DCB2,0.4702
124,499,VROCP5AROP,R499,-1.0
174,499,MO2,R499,-1.0
177,499,R499,HCHO,0.68
163,499,R499,HO2,1.3105
167,499,R499,MOH,0.32
54,499,R499,VROCP4OXY2,0.0595
192,499,R499,GLY,0.4702
131,499,R499,MGLY,0.4702
53,499,R499,FURANONE,0.4702
130,499,R499,DCB2,0.4702
124,500,VROCP5AROP,R500,-1.0
63,500,ACO3,R500,-1.0
174,500,R500,MO2,0.7
163,500,R500,HO2,0.9405
35,500,R500,ORA2,0.3
54,500,R500,VROCP4OXY2,0.0595
192,500,R500,GLY,0.4702
131,500,R500,MGLY,0.4702
53,500,R500,FURANONE,0.4702
130,500,R500,DCB2,0.4702
170,501,NAPH,R501,-1.0
62,501,HO,R501,-1.0
79,501,R501,NAPHP,0.84
163,501,R501,HO2,0.16
61,501,R501,VROCP3OXY2,0.16
79,502,NAPHP,R502,-1.0
163,502,HO2,R502,-1.0
61,502,R502,VROCP3OXY2,0.0595
84,502,R502,VROCP1OXY3,0.9048
179,502,R502,VROCN2OXY8,0.0357
79,503,NAPHP,R503,-1.0
49,503,NO,R503,-1.0
54,503,R503,VROCP4OXY2,0.0595
136,503,R503,VROCP2OXY2,0.0018
179,503,R503,VROCN2OXY8,0.0001
101,503,R503,NO2,0.998
163,503,R503,HO2,0.998
192,503,R503,GLY,0.4693
131,503,R503,MGLY,0.4693
53,503,R503,FURANONE,0.4693
130,503,R503,DCB2,0.4693
79,504,NAPHP,R504,-1.0
19,504,NO3,R504,-1.0
101,504,R504,NO2,1.0
163,504,R504,HO2,0.9405
54,504,R504,VROCP4OXY2,0.0595
192,504,R504,GLY,0.4702
131,504,R504,MGLY,0.4702
53,504,R504,FURANONE,0.4702
130,504,R504,DCB2,0.4702
79,505,NAPHP,R505,-1.0
174,505,MO2,R505,-1.0
177,505,R505,HCHO,0.68
163,505,R505,HO2,1.3105
167,505,R505,MOH,0.32
54,505,R505,VROCP4OXY2,0.0595
192,505,R505,GLY,0.4702
131,505,R505,MGLY,0.4702
53,505,R505,FURANONE,0.4702
130,505,R505,DCB2,0.4702
79,506,NAPHP,R506,-1.0
63,506,ACO3,R506,-1.0
174,506,R506,MO2,0.7
163,506,R506,HO2,0.9405
35,506,R506,ORA2,0.3
54,506,R506,VROCP4OXY2,0.0595
192,506,R506,GLY,0.4702
131,506,R506,MGLY,0.4702
53,506,R506,FURANONE,0.4702
130,506,R506,DCB2,0.4702
179,507,VROCN2OXY8,R507,-1.0
62,507,HO,R507,-1.0
62,507,R507,HO,1.0
179,507,R507,VROCN2OXY8,0.0854
117,507,R507,DCB1,0.2581
156,507,R507,MEK,0.2581
71,507,R507,ACD,0.2581
180,507,R507,ALD,0.2581
174,507,R507,MO2,0.2581
74,507,R507,ETHP,0.2581
189,507,R507,HC3P,0.2581
160,507,R507,MEKP,0.2581
89,508,VROCN2OXY4,R508,-1.0
62,508,HO,R508,-1.0
62,508,R508,HO,1.0
179,508,R508,VROCN2OXY8,0.464
89,508,R508,VROCN2OXY4,0.1977
139,508,R508,VROCN1OXY6,0.0121
112,508,R508,VROCN1OXY3,0.0152
183,508,R508,VROCP0OXY4,0.0624
84,508,R508,VROCP1OXY3,0.0388
136,508,R508,VROCP2OXY2,0.0491
61,508,R508,VROCP3OXY2,0.0398
54,508,R508,VROCP4OXY2,0.0183
97,508,R508,OP3,0.0308
137,508,R508,OP2,0.004
117,508,R508,DCB1,0.0794
156,508,R508,MEK,0.0794
181,508,R508,KET,0.0794
71,508,R508,ACD,0.0794
180,508,R508,ALD,0.0794
174,508,R508,MO2,0.0794
74,508,R508,ETHP,0.0794
189,508,R508,HC3P,0.0794
160,508,R508,MEKP,0.0794
58,508,R508,HC5P,0.0794
41,508,R508,KETP,0.0794
67,509,VROCN2OXY2,R509,-1.0
62,509,HO,R509,-1.0
62,509,R509,HO,1.0
179,509,R509,VROCN2OXY8,0.1041
89,509,R509,VROCN2OXY4,0.5638
67,509,R509,VROCN2OXY2,0.2141
139,509,R509,VROCN1OXY6,0.0153
112,509,R509,VROCN1OXY3,0.0298
50,509,R509,VROCN1OXY1,0.0096
183,509,R509,VROCP0OXY4,0.0189
75,509,R509,VROCP0OXY2,0.0456
84,509,R509,VROCP1OXY3,0.0314
125,509,R509,VROCP1OXY1,0.0199
136,509,R509,VROCP2OXY2,0.0459
61,509,R509,VROCP3OXY2,0.0452
54,509,R509,VROCP4OXY2,0.0455
47,509,R509,VROCP5OXY1,0.0325
111,509,R509,VROCP6OXY1,0.0369
97,509,R509,OP3,0.0026
117,509,R509,DCB1,0.039
10,509,R509,HKET,0.039
156,509,R509,MEK,0.039
71,509,R509,ACD,0.039
180,509,R509,ALD,0.039
174,509,R509,MO2,0.039
74,509,R509,ETHP,0.039
189,509,R509,HC3P,0.039
160,509,R509,MEKP,0.039
58,509,R509,HC5P,0.0925
139,510,VROCN1OXY6,R510,-1.0
62,510,HO,R510,-1.0
62,510,R510,HO,1.0
179,510,R510,VROCN2OXY8,0.2036
89,510,R510,VROCN2OXY4,0.0071
117,510,R510,DCB1,0.184
156,510,R510,MEK,0.184
181,510,R510,KET,0.184
71,510,R510,ACD,0.184
180,510,R510,ALD,0.184
174,510,R510,MO2,0.184
74,510,R510,ETHP,0.184
189,510,R510,HC3P,0.184
160,510,R510,MEKP,0.184
58,510,R510,HC5P,0.184
112,511,VROCN1OXY3,R511,-1.0
62,511,HO,R511,-1.0
62,511,R511,HO,1.0
179,511,R511,VROCN2OXY8,0.2792
89,511,R511,VROCN2OXY4,0.4025
67,511,R511,VROCN2OXY2,0.0088
139,511,R511,VROCN1OXY6,0.0319
112,511,R511,VROCN1OXY3,0.0076
183,511,R511,VROCP0OXY4,0.0194
75,511,R511,VROCP0OXY2,0.0104
84,511,R511,VROCP1OXY3,0.051
125,511,R511,VROCP1OXY1,0.0075
136,511,R511,VROCP2OXY2,0.0512
61,511,R511,VROCP3OXY2,0.0462
54,511,R511,VROCP4OXY2,0.0512
47,511,R511,VROCP5OXY1,0.0138
137,511,R511,OP2,0.0135
117,511,R511,DCB1,0.0646
10,511,R511,HKET,0.0646
156,511,R511,MEK,0.0646
71,511,R511,ACD,0.0646
180,511,R511,ALD,0.0646
174,511,R511,MO2,0.0646
74,511,R511,ETHP,0.0646
189,511,R511,HC3P,0.0646
160,511,R511,MEKP,0.0646
58,511,R511,HC5P,0.1753
50,512,VROCN1OXY1,R512,-1.0
62,512,HO,R512,-1.0
62,512,R512,HO,1.0
179,512,R512,VROCN2OXY8,0.0074
89,512,R512,VROCN2OXY4,0.119
67,512,R512,VROCN2OXY2,0.7261
139,512,R512,VROCN1OXY6,0.0122
112,512,R512,VROCN1OXY3,0.0305
50,512,R512,VROCN1OXY1,0.007
183,512,R512,VROCP0OXY4,0.0291
75,512,R512,VROCP0OXY2,0.0454
84,512,R512,VROCP1OXY3,0.0234
125,512,R512,VROCP1OXY1,0.0352
136,512,R512,VROCP2OXY2,0.0624
61,512,R512,VROCP3OXY2,0.0518
54,512,R512,VROCP4OXY2,0.0509
47,512,R512,VROCP5OXY1,0.0347
111,512,R512,VROCP6OXY1,0.0748
97,512,R512,OP3,0.0163
137,512,R512,OP2,0.0062
117,512,R512,DCB1,0.0244
10,512,R512,HKET,0.0244
156,512,R512,MEK,0.0244
71,512,R512,ACD,0.0244
180,512,R512,ALD,0.0244
174,512,R512,MO2,0.0244
74,512,R512,ETHP,0.0244
189,512,R512,HC3P,0.0244
160,512,R512,MEKP,0.0244
58,512,R512,HC5P,0.0537
183,513,VROCP0OXY4,R513,-1.0
62,513,HO,R513,-1.0
62,513,R513,HO,1.0
179,513,R513,VROCN2OXY8,0.2822
89,513,R513,VROCN2OXY4,0.1165
139,513,R513,VROCN1OXY6,0.032
112,513,R513,VROCN1OXY3,0.0183
183,513,R513,VROCP0OXY4,0.0011
136,513,R513,VROCP2OXY2,0.066
61,513,R513,VROCP3OXY2,0.0535
54,513,R513,VROCP4OXY2,0.0246
137,513,R513,OP2,0.0054
117,513,R513,DCB1,0.1068
156,513,R513,MEK,0.1068
181,513,R513,KET,0.1068
71,513,R513,ACD,0.1068
180,513,R513,ALD,0.1068
174,513,R513,MO2,0.1068
74,513,R513,ETHP,0.1068
189,513,R513,HC3P,0.1068
160,513,R513,MEKP,0.1068
58,513,R513,HC5P,0.1068
41,513,R513,KETP,0.1068
75,514,VROCP0OXY2,R514,-1.0
62,514,HO,R514,-1.0
62,514,R514,HO,1.0
179,514,R514,VROCN2OXY8,0.0659
89,514,R514,VROCN2OXY4,0.4579
67,514,R514,VROCN2OXY2,0.1156
139,514,R514,VROCN1OXY6,0.0325
112,514,R514,VROCN1OXY3,0.0657
50,514,R514,VROCN1OXY1,0.0046
183,514,R514,VROCP0OXY4,0.0307
75,514,R514,VROCP0OXY2,0.0024
84,514,R514,VROCP1OXY3,0.0395
125,514,R514,VROCP1OXY1,0.0215
136,514,R514,VROCP2OXY2,0.0539
61,514,R514,VROCP3OXY2,0.0516
54,514,R514,VROCP4OXY2,0.0519
47,514,R514,VROCP5OXY1,0.0371
111,514,R514,VROCP6OXY1,0.0421
97,514,R514,OP3,0.0105
117,514,R514,DCB1,0.0445
10,514,R514,HKET,0.0445
156,514,R514,MEK,0.0445
71,514,R514,ACD,0.0445
180,514,R514,ALD,0.0445
174,514,R514,MO2,0.0445
74,514,R514,ETHP,0.0445
189,514,R514,HC3P,0.0445
160,514,R514,MEKP,0.0445
58,514,R514,HC5P,0.1055
84,515,VROCP1OXY3,R515,-1.0
62,515,HO,R515,-1.0
62,515,R515,HO,1.0
179,515,R515,VROCN2OXY8,0.1778
89,515,R515,VROCN2OXY4,0.1924
67,515,R515,VROCN2OXY2,0.0004
139,515,R515,VROCN1OXY6,0.074
112,515,R515,VROCN1OXY3,0.0452
183,515,R515,VROCP0OXY4,0.0631
75,515,R515,VROCP0OXY2,0.0007
84,515,R515,VROCP1OXY3,0.0006
136,515,R515,VROCP2OXY2,0.0227
61,515,R515,VROCP3OXY2,0.0585
54,515,R515,VROCP4OXY2,0.0649
47,515,R515,VROCP5OXY1,0.0174
97,515,R515,OP3,0.0154
137,515,R515,OP2,0.017
117,515,R515,DCB1,0.0818
10,515,R515,HKET,0.0818
156,515,R515,MEK,0.0818
71,515,R515,ACD,0.0818
180,515,R515,ALD,0.0818
174,515,R515,MO2,0.0818
74,515,R515,ETHP,0.0818
189,515,R515,HC3P,0.0818
160,515,R515,MEKP,0.0818
58,515,R515,HC5P,0.222
125,516,VROCP1OXY1,R516,-1.0
62,516,HO,R516,-1.0
62,516,R516,HO,1.0
179,516,R516,VROCN2OXY8,0.0023
89,516,R516,VROCN2OXY4,0.134
67,516,R516,VROCN2OXY2,0.3349
139,516,R516,VROCN1OXY6,0.008
112,516,R516,VROCN1OXY3,0.1193
50,516,R516,VROCN1OXY1,0.0758
183,516,R516,VROCP0OXY4,0.0292
75,516,R516,VROCP0OXY2,0.0766
84,516,R516,VROCP1OXY3,0.0277
125,516,R516,VROCP1OXY1,0.0118
136,516,R516,VROCP2OXY2,0.0651
61,516,R516,VROCP3OXY2,0.0709
54,516,R516,VROCP4OXY2,0.0668
47,516,R516,VROCP5OXY1,0.0423
111,516,R516,VROCP6OXY1,0.0911
97,516,R516,OP3,0.0066
137,516,R516,OP2,0.0025
117,516,R516,DCB1,0.0297
10,516,R516,HKET,0.0297
156,516,R516,MEK,0.0297
71,516,R516,ACD,0.0297
180,516,R516,ALD,0.0297
174,516,R516,MO2,0.0297
74,516,R516,ETHP,0.0297
189,516,R516,HC3P,0.0297
160,516,R516,MEKP,0.0297
58,516,R516,HC5P,0.0654
136,517,VROCP2OXY2,R517,-1.0
62,517,HO,R517,-1.0
62,517,R517,HO,1.0
179,517,R517,VROCN2OXY8,0.0445
89,517,R517,VROCN2OXY4,0.1726
67,517,R517,VROCN2OXY2,0.0104
139,517,R517,VROCN1OXY6,0.0513
112,517,R517,VROCN1OXY3,0.1118
50,517,R517,VROCN1OXY1,0.0013
183,517,R517,VROCP0OXY4,0.1337
75,517,R517,VROCP0OXY2,0.0403
84,517,R517,VROCP1OXY3,0.0511
125,517,R517,VROCP1OXY1,0.0068
136,517,R517,VROCP2OXY2,0.0236
61,517,R517,VROCP3OXY2,0.0293
54,517,R517,VROCP4OXY2,0.0733
47,517,R517,VROCP5OXY1,0.0523
111,517,R517,VROCP6OXY1,0.0595
97,517,R517,OP3,0.0041
137,517,R517,OP2,0.0023
117,517,R517,DCB1,0.0628
10,517,R517,HKET,0.0628
156,517,R517,MEK,0.0628
71,517,R517,ACD,0.0628
180,517,R517,ALD,0.0628
174,517,R517,MO2,0.0628
74,517,R517,ETHP,0.0628
189,517,R517,HC3P,0.0628
160,517,R517,MEKP,0.0628
58,517,R517,HC5P,0.1489
61,518,VROCP3OXY2,R518,-1.0
62,518,HO,R518,-1.0
62,518,R518,HO,1.0
179,518,R518,VROCN2OXY8,0.0317
89,518,R518,VROCN2OXY4,0.0765
67,518,R518,VROCN2OXY2,0.0009
139,518,R518,VROCN1OXY6,0.0526
112,518,R518,VROCN1OXY3,0.0489
183,518,R518,VROCP0OXY4,0.155
75,518,R518,VROCP0OXY2,0.0155
84,518,R518,VROCP1OXY3,0.1051
125,518,R518,VROCP1OXY1,0.0013
136,518,R518,VROCP2OXY2,0.0535
61,518,R518,VROCP3OXY2,0.0086
54,518,R518,VROCP4OXY2,0.0426
47,518,R518,VROCP5OXY1,0.0582
111,518,R518,VROCP6OXY1,0.0661
97,518,R518,OP3,0.0506
137,518,R518,OP2,0.0114
117,518,R518,DCB1,0.0698
10,518,R518,HKET,0.0698
156,518,R518,MEK,0.0698
71,518,R518,ACD,0.0698
180,518,R518,ALD,0.0698
174,518,R518,MO2,0.0698
74,518,R518,ETHP,0.0698
189,518,R518,HC3P,0.0698
160,518,R518,MEKP,0.0698
58,518,R518,HC5P,0.1656
54,519,VROCP4OXY2,R519,-1.0
62,519,HO,R519,-1.0
62,519,R519,HO,1.0
179,519,R519,VROCN2OXY8,0.0117
89,519,R519,VROCN2OXY4,0.0167
139,519,R519,VROCN1OXY6,0.048
112,519,R519,VROCN1OXY3,0.0246
183,519,R519,VROCP0OXY4,0.0881
84,519,R519,VROCP1OXY3,0.0916
125,519,R519,VROCP1OXY1,0.0073
136,519,R519,VROCP2OXY2,0.0972
61,519,R519,VROCP3OXY2,0.0456
54,519,R519,VROCP4OXY2,0.0024
47,519,R519,VROCP5OXY1,0.0479
111,519,R519,VROCP6OXY1,0.0745
97,519,R519,OP3,0.0607
137,519,R519,OP2,0.0155
117,519,R519,DCB1,0.0786
10,519,R519,HKET,0.0786
156,519,R519,MEK,0.0786
71,519,R519,ACD,0.0786
180,519,R519,ALD,0.0786
174,519,R519,MO2,0.0786
74,519,R519,ETHP,0.0786
189,519,R519,HC3P,0.0786
160,519,R519,MEKP,0.0786
58,519,R519,HC5P,0.173
47,520,VROCP5OXY1,R520,-1.0
62,520,HO,R520,-1.0
62,520,R520,HO,1.0
89,520,R520,VROCN2OXY4,0.0103
67,520,R520,VROCN2OXY2,0.0006
139,520,R520,VROCN1OXY6,0.009
112,520,R520,VROCN1OXY3,0.0146
183,520,R520,VROCP0OXY4,0.0702
75,520,R520,VROCP0OXY2,0.0153
84,520,R520,VROCP1OXY3,0.1038
125,520,R520,VROCP1OXY1,0.0031
136,520,R520,VROCP2OXY2,0.165
61,520,R520,VROCP3OXY2,0.1566
54,520,R520,VROCP4OXY2,0.0724
47,520,R520,VROCP5OXY1,0.0062
111,520,R520,VROCP6OXY1,0.1398
97,520,R520,OP3,0.0216
137,520,R520,OP2,0.0384
117,520,R520,DCB1,0.0526
10,520,R520,HKET,0.0526
156,520,R520,MEK,0.0526
71,520,R520,ACD,0.0526
180,520,R520,ALD,0.0526
174,520,R520,MO2,0.0526
74,520,R520,ETHP,0.0526
189,520,R520,HC3P,0.0526
160,520,R520,MEKP,0.0526
58,520,R520,HC5P,0.128
111,521,VROCP6OXY1,R521,-1.0
62,521,HO,R521,-1.0
62,521,R521,HO,1.0
139,521,R521,VROCN1OXY6,0.0061
112,521,R521,VROCN1OXY3,0.0049
183,521,R521,VROCP0OXY4,0.0224
84,521,R521,VROCP1OXY3,0.0503
125,521,R521,VROCP1OXY1,0.0022
136,521,R521,VROCP2OXY2,0.0879
61,521,R521,VROCP3OXY2,0.1384
54,521,R521,VROCP4OXY2,0.1463
47,521,R521,VROCP5OXY1,0.0432
111,521,R521,VROCP6OXY1,0.0957
97,521,R521,OP3,0.0316
137,521,R521,OP2,0.0585
117,521,R521,DCB1,0.0571
10,521,R521,HKET,0.0571
156,521,R521,MEK,0.0571
71,521,R521,ACD,0.0571
180,521,R521,ALD,0.0571
174,521,R521,MO2,0.0571
74,521,R521,ETHP,0.0571
189,521,R521,HC3P,0.0571
160,521,R521,MEKP,0.0571
58,521,R521,HC5P,0.1544
97,522,OP3,R522,-1.0
62,522,HO,R522,-1.0
62,522,R522,HO,1.0
179,522,R522,VROCN2OXY8,0.1188
89,522,R522,VROCN2OXY4,0.0008
139,522,R522,VROCN1OXY6,0.039
183,522,R522,VROCP0OXY4,0.0114
117,522,R522,DCB1,0.2266
156,522,R522,MEK,0.2266
71,522,R522,ACD,0.2266
180,522,R522,ALD,0.2266
174,522,R522,MO2,0.2266
74,522,R522,ETHP,0.2266
189,522,R522,HC3P,0.2266
160,522,R522,MEKP,0.2266
106,523,ECH4,R523,-1.0
62,523,HO,R523,-1.0
174,523,R523,MO2,1.0
121,524,ATRPNJ,R524,-1.0
155,524,R524,AHOMJ,1.0
104,524,R524,HNO3,1.0
64,525,AHONITJ,R525,-1.0
155,525,R525,AHOMJ,1.0
104,525,R525,HNO3,1.0
60,526,STY,R526,-1.0
62,526,HO,R526,-1.0
82,526,R526,STYP,1.0
82,527,STYP,R527,-1.0
163,527,HO2,R527,-1.0
61,527,R527,VROCP3OXY2,1.0
82,528,STYP,R528,-1.0
49,528,NO,R528,-1.0
101,528,R528,NO2,1.0
163,528,R528,HO2,1.0
177,528,R528,HCHO,1.0
33,528,R528,BALD,1.0
82,529,STYP,R529,-1.0
19,529,NO3,R529,-1.0
101,529,R529,NO2,1.0
163,529,R529,HO2,1.0
177,529,R529,HCHO,1.0
33,529,R529,BALD,1.0
82,530,STYP,R530,-1.0
174,530,MO2,R530,-1.0
163,530,R530,HO2,1.0
177,530,R530,HCHO,1.0
33,530,R530,BALD,1.0
177,530,R530,HCHO,0.68
163,530,R530,HO2,0.37
167,530,R530,MOH,0.32
82,531,STYP,R531,-1.0
63,531,ACO3,R531,-1.0
163,531,R531,HO2,1.0
177,531,R531,HCHO,1.0
33,531,R531,BALD,1.0
174,531,R531,MO2,0.7
35,531,R531,ORA2,0.3
