species_index,reaction_index,source,target,directed_stoichiometric_value
195,1,O3,R1,-1.0
3,1,R1,O3P,1.0
195,2,O3,R2,-1.0
59,2,R2,O1D,1.0
49,3,H2O2,R3,-1.0
188,3,R3,HO,2.0
126,4,NO2,R4,-1.0
3,4,R4,O3P,1.0
119,4,R4,NO,1.0
110,5,NO3,R5,-1.0
119,5,R5,NO,1.0
110,6,NO3,R6,-1.0
3,6,R6,O3P,1.0
126,6,R6,NO2,1.0
184,7,HONO,R7,-1.0
188,7,R7,HO,1.0
119,7,R7,NO,1.0
11,8,HNO3,R8,-1.0
188,8,R8,HO,1.0
126,8,R8,NO2,1.0
168,9,HNO4,R9,-1.0
188,9,R9,HO,0.2
142,9,R9,HO2,0.8
126,9,R9,NO2,0.8
110,9,R9,NO3,0.2
65,10,HCHO,R10,-1.0
150,10,R10,CO,1.0
65,11,HCHO,R11,-1.0
142,11,R11,HO2,2.0
150,11,R11,CO,1.0
50,12,ACD,R12,-1.0
142,12,R12,HO2,1.0
128,12,R12,MO2,1.0
150,12,R12,CO,1.0
97,13,ALD,R13,-1.0
142,13,R13,HO2,1.0
18,13,R13,ETHP,1.0
150,13,R13,CO,1.0
27,14,ACT,R14,-1.0
128,14,R14,MO2,1.0
81,14,R14,ACO3,1.0
27,15,ACT,R15,-1.0
128,15,R15,MO2,2.0
150,15,R15,CO,1.0
132,16,UALD,R16,-1.0
142,16,R16,HO2,1.22
81,16,R16,ACO3,0.784
150,16,R16,CO,1.22
65,16,R16,HCHO,0.35
97,16,R16,ALD,0.434
53,16,R16,KET,0.216
165,17,PINAL,R17,-1.0
142,17,R17,HO2,1.0
85,17,R17,HC10P,1.0
150,17,R17,CO,1.0
28,18,LIMAL,R18,-1.0
142,18,R18,HO2,1.0
85,18,R18,HC10P,1.0
150,18,R18,CO,1.0
56,19,MEK,R19,-1.0
128,19,R19,MO2,0.1
18,19,R19,ETHP,1.0
81,19,R19,ACO3,0.9
150,19,R19,CO,0.1
53,20,KET,R20,-1.0
18,20,R20,ETHP,1.5
81,20,R20,ACO3,0.5
150,20,R20,CO,0.5
23,21,HKET,R21,-1.0
142,21,R21,HO2,1.0
81,21,R21,ACO3,1.0
65,21,R21,HCHO,1.0
83,22,MACR,R22,-1.0
188,22,R22,HO,0.34
142,22,R22,HO2,0.66
81,22,R22,ACO3,0.67
55,22,R22,MACP,0.33
176,22,R22,XO2,0.34
150,22,R22,CO,0.67
65,22,R22,HCHO,0.67
113,23,MVK,R23,-1.0
128,23,R23,MO2,0.3
55,23,R23,MACP,0.3
150,23,R23,CO,0.7
132,23,R23,UALD,0.7
108,24,GLY,R24,-1.0
150,24,R24,CO,2.0
108,25,GLY,R25,-1.0
65,25,R25,HCHO,1.0
150,25,R25,CO,1.0
108,26,GLY,R26,-1.0
142,26,R26,HO2,2.0
150,26,R26,CO,2.0
174,27,MGLY,R27,-1.0
142,27,R27,HO2,1.0
81,27,R27,ACO3,1.0
150,27,R27,CO,1.0
68,28,DCB1,R28,-1.0
142,28,R28,HO2,1.5
81,28,R28,ACO3,0.25
176,28,R28,XO2,0.2
150,28,R28,CO,1.0
108,28,R28,GLY,0.5
174,28,R28,MGLY,0.5
34,29,DCB2,R29,-1.0
142,29,R29,HO2,1.5
81,29,R29,ACO3,0.25
176,29,R29,XO2,0.2
150,29,R29,CO,1.0
108,29,R29,GLY,0.5
174,29,R29,MGLY,0.5
51,30,BALD,R30,-1.0
78,30,R30,CHO,1.0
142,30,R30,HO2,1.0
150,30,R30,CO,1.0
134,31,OP1,R31,-1.0
188,31,R31,HO,1.0
142,31,R31,HO2,1.0
65,31,R31,HCHO,1.0
159,32,OP2,R32,-1.0
188,32,R32,HO,1.0
142,32,R32,HO2,1.0
97,32,R32,ALD,1.0
156,33,OPB,R33,-1.0
188,33,R33,HO,1.0
142,33,R33,HO2,1.0
97,33,R33,ALD,1.0
139,34,OP3,R34,-1.0
188,34,R34,HO,1.0
142,34,R34,HO2,1.0
97,34,R34,ALD,1.0
133,35,PAA,R35,-1.0
188,35,R35,HO,1.0
128,35,R35,MO2,1.0
90,36,ONIT,R36,-1.0
142,36,R36,HO2,1.0
126,36,R36,NO2,1.0
97,36,R36,ALD,0.2
53,36,R36,KET,0.8
70,37,PAN,R37,-1.0
81,37,R37,ACO3,1.0
126,37,R37,NO2,1.0
70,38,PAN,R38,-1.0
128,38,R38,MO2,1.0
110,38,R38,NO3,1.0
115,39,TRPN,R39,-1.0
35,39,hv,R39,-1.0
126,39,R39,NO2,1.0
53,39,R39,KET,0.67
132,39,R39,UALD,0.33
19,40,HONIT,R40,-1.0
35,40,hv,R40,-1.0
23,40,R40,HKET,1.0
126,40,R40,NO2,1.0
195,41,O3,R41,-1.0
188,41,HO,R41,-1.0
142,41,R41,HO2,1.0
195,42,O3,R42,-1.0
142,42,HO2,R42,-1.0
188,42,R42,HO,1.0
195,43,O3,R43,-1.0
119,43,NO,R43,-1.0
126,43,R43,NO2,1.0
195,44,O3,R44,-1.0
126,44,NO2,R44,-1.0
110,44,R44,NO3,1.0
3,45,O3P,R45,-1.0
14,45,O2,R45,-1.0
179,45,M,R45,-1.0
195,45,R45,O3,1.0
3,46,O3P,R46,-1.0
195,46,O3,R46,-1.0
59,47,O1D,R47,-1.0
14,47,O2,R47,-1.0
3,47,R47,O3P,1.0
59,48,O1D,R48,-1.0
116,48,N2,R48,-1.0
3,48,R48,O3P,1.0
59,49,O1D,R49,-1.0
22,49,H2O,R49,-1.0
188,49,R49,HO,2.0
188,50,HO,R50,-1.0
148,50,H2,R50,-1.0
142,50,R50,HO2,1.0
188,51,HO,R51,-1.0
142,51,HO2,R51,-1.0
142,52,HO2,R52,-1.0
142,52,HO2,R52,-1.0
49,52,R52,H2O2,1.0
142,53,HO2,R53,-1.0
142,53,HO2,R53,-1.0
22,53,H2O,R53,-1.0
49,53,R53,H2O2,1.0
49,54,H2O2,R54,-1.0
188,54,HO,R54,-1.0
142,54,R54,HO2,1.0
119,55,NO,R55,-1.0
3,55,O3P,R55,-1.0
126,55,R55,NO2,1.0
119,56,NO,R56,-1.0
188,56,HO,R56,-1.0
184,56,R56,HONO,1.0
119,57,NO,R57,-1.0
142,57,HO2,R57,-1.0
126,57,R57,NO2,1.0
188,57,R57,HO,1.0
119,58,NO,R58,-1.0
142,58,HO2,R58,-1.0
11,58,R58,HNO3,1.0
119,59,NO,R59,-1.0
119,59,NO,R59,-1.0
14,59,O2,R59,-1.0
126,59,R59,NO2,2.0
184,60,HONO,R60,-1.0
188,60,HO,R60,-1.0
126,60,R60,NO2,1.0
126,61,NO2,R61,-1.0
3,61,O3P,R61,-1.0
119,61,R61,NO,1.0
126,62,NO2,R62,-1.0
3,62,O3P,R62,-1.0
110,62,R62,NO3,1.0
126,63,NO2,R63,-1.0
188,63,HO,R63,-1.0
11,63,R63,HNO3,1.0
11,64,HNO3,R64,-1.0
188,64,HO,R64,-1.0
110,64,R64,NO3,1.0
110,65,NO3,R65,-1.0
188,65,HO,R65,-1.0
142,65,R65,HO2,1.0
126,65,R65,NO2,1.0
110,66,NO3,R66,-1.0
142,66,HO2,R66,-1.0
188,66,R66,HO,0.7
126,66,R66,NO2,0.7
11,66,R66,HNO3,0.3
110,67,NO3,R67,-1.0
119,67,NO,R67,-1.0
126,67,R67,NO2,2.0
110,68,NO3,R68,-1.0
126,68,NO2,R68,-1.0
119,68,R68,NO,1.0
126,68,R68,NO2,1.0
110,69,NO3,R69,-1.0
110,69,NO3,R69,-1.0
126,69,R69,NO2,2.0
110,70,NO3,R70,-1.0
126,70,NO2,R70,-1.0
178,70,R70,N2O5,1.0
178,71,N2O5,R71,-1.0
126,71,R71,NO2,1.0
110,71,R71,NO3,1.0
178,72,N2O5,R72,-1.0
22,72,H2O,R72,-1.0
11,72,R72,HNO3,2.0
126,73,NO2,R73,-1.0
142,73,HO2,R73,-1.0
168,73,R73,HNO4,1.0
168,74,HNO4,R74,-1.0
142,74,R74,HO2,1.0
126,74,R74,NO2,1.0
168,75,HNO4,R75,-1.0
188,75,HO,R75,-1.0
126,75,R75,NO2,1.0
187,76,SO2,R76,-1.0
188,76,HO,R76,-1.0
142,76,R76,HO2,1.0
145,76,R76,SULF,1.0
146,76,R76,SULRXN,1.0
150,77,CO,R77,-1.0
188,77,HO,R77,-1.0
142,77,R77,HO2,1.0
188,78,HO,R78,-1.0
137,78,CH4,R78,-1.0
128,78,R78,MO2,1.0
24,79,ETH,R79,-1.0
188,79,HO,R79,-1.0
18,79,R79,ETHP,1.0
191,80,HC3,R80,-1.0
188,80,HO,R80,-1.0
41,80,R80,HC3P,1.0
143,80,R80,ASOATJ,0.0
172,81,HC5,R81,-1.0
188,81,HO,R81,-1.0
120,81,R81,HC5P,1.0
143,81,R81,ASOATJ,0.0013
54,82,ETE,R82,-1.0
188,82,HO,R82,-1.0
30,82,R82,ETEP,1.0
136,83,OLT,R83,-1.0
188,83,HO,R83,-1.0
88,83,R83,OLTP,1.0
121,84,OLI,R84,-1.0
188,84,HO,R84,-1.0
21,84,R84,OLIP,1.0
138,85,ACE,R85,-1.0
188,85,HO,R85,-1.0
188,85,R85,HO,0.65
142,85,R85,HO2,0.35
150,85,R85,CO,0.35
108,85,R85,GLY,0.65
46,85,R85,ORA1,0.35
13,86,BEN,R86,-1.0
188,86,HO,R86,-1.0
103,86,R86,BENP,0.47
183,86,R86,PHEN,0.53
142,86,R86,HO2,0.53
84,87,TOL,R87,-1.0
188,87,HO,R87,-1.0
131,87,R87,TOLP,0.82
20,87,R87,CSL,0.18
142,87,R87,HO2,0.18
15,88,XYL,R88,-1.0
188,88,HO,R88,-1.0
86,88,R88,XYLP,0.83
20,88,R88,CSL,0.17
142,88,R88,HO2,0.17
63,89,EBZ,R89,-1.0
188,89,HO,R89,-1.0
102,89,R89,EBZP,0.82
20,89,R89,CSL,0.18
142,89,R89,HO2,0.18
92,90,ISO,R90,-1.0
195,90,O3,R90,-1.0
188,90,R90,HO,0.25
142,90,R90,HO2,0.25
128,90,R90,MO2,0.4
81,90,R90,ACO3,0.018
55,90,R90,MACP,0.1
49,90,R90,H2O2,0.09
150,90,R90,CO,0.22
65,90,R90,HCHO,1.0
83,90,R90,MACR,0.3
113,90,R90,MVK,0.14
46,90,R90,ORA1,0.28
136,90,R90,OLT,0.153
92,91,ISO,R91,-1.0
110,91,NO3,R91,-1.0
126,91,R91,NO2,0.4
181,91,R91,ISON,0.045
65,91,R91,HCHO,0.35
26,91,R91,INO2,0.555
113,91,R91,MVK,0.26
83,91,R91,MACR,0.028
92,92,ISO,R92,-1.0
188,92,HO,R92,-1.0
158,92,R92,ISOP,1.0
65,92,R92,HCHO,0.25
83,92,R92,MACR,0.03
174,92,R92,MGLY,0.05
158,93,ISOP,R93,-1.0
142,93,HO2,R93,-1.0
105,93,R93,ISHP,1.0
142,93,R93,HO2,0.07
188,93,R93,HO,0.5
158,94,ISOP,R94,-1.0
119,94,NO,R94,-1.0
181,94,R94,ISON,0.13
65,94,R94,HCHO,0.4
142,94,R94,HO2,0.88
126,94,R94,NO2,0.87
83,94,R94,MACR,0.18
113,94,R94,MVK,0.51
105,95,ISHP,R95,-1.0
188,95,HO,R95,-1.0
158,95,R95,ISOP,1.0
105,96,ISHP,R96,-1.0
188,96,HO,R96,-1.0
174,96,R96,MGLY,0.04
108,96,R96,GLY,0.02
113,96,R96,MVK,0.13
98,96,R96,IEPOX,0.44
81,96,R96,ACO3,0.11
83,96,R96,MACR,0.03
188,96,R96,HO,2.0
142,96,R96,HO2,0.34
114,96,R96,IPX,0.14
150,96,R96,CO,1.0
26,97,INO2,R97,-1.0
142,97,HO2,R97,-1.0
188,97,R97,HO,0.45
100,97,R97,INALD,0.95
114,97,R97,IPX,0.02
26,98,INO2,R98,-1.0
119,98,NO,R98,-1.0
113,98,R98,MVK,0.15
100,98,R98,INALD,0.65
181,98,R98,ISON,0.05
65,98,R98,HCHO,0.2
126,98,R98,NO2,1.3
181,99,ISON,R99,-1.0
188,99,HO,R99,-1.0
188,99,R99,HO,1.0
100,99,R99,INALD,0.35
98,99,R99,IEPOX,0.17
126,99,R99,NO2,0.65
100,100,INALD,R100,-1.0
188,100,HO,R100,-1.0
150,100,R100,CO,1.0
126,100,R100,NO2,1.0
142,100,R100,HO2,0.3
65,100,R100,HCHO,1.0
181,101,ISON,R101,-1.0
11,101,R101,HNO3,1.0
196,101,R101,ROH,1.0
114,102,IPX,R102,-1.0
188,102,HO,R102,-1.0
83,102,R102,MACR,0.57
113,102,R102,MVK,0.43
4,103,API,R103,-1.0
188,103,HO,R103,-1.0
77,103,R103,APIP1,0.975
193,103,R103,APIP2,0.025
164,104,LIM,R104,-1.0
188,104,HO,R104,-1.0
101,104,R104,LIMP1,0.945
75,104,R104,LIMP2,0.055
165,105,PINAL,R105,-1.0
188,105,HO,R105,-1.0
33,105,R105,PINALP,0.23
62,105,R105,RCO3,0.77
28,106,LIMAL,R106,-1.0
188,106,HO,R106,-1.0
140,106,R106,LIMALP,0.83
62,106,R106,RCO3,0.17
65,107,HCHO,R107,-1.0
188,107,HO,R107,-1.0
142,107,R107,HO2,1.0
150,107,R107,CO,1.0
50,108,ACD,R108,-1.0
188,108,HO,R108,-1.0
81,108,R108,ACO3,1.0
97,109,ALD,R109,-1.0
188,109,HO,R109,-1.0
62,109,R109,RCO3,1.0
27,110,ACT,R110,-1.0
188,110,HO,R110,-1.0
10,110,R110,ACTP,1.0
56,111,MEK,R111,-1.0
188,111,HO,R111,-1.0
112,111,R111,MEKP,1.0
53,112,KET,R112,-1.0
188,112,HO,R112,-1.0
125,112,R112,KETP,1.0
23,113,HKET,R113,-1.0
188,113,HO,R113,-1.0
142,113,R113,HO2,1.0
174,113,R113,MGLY,1.0
83,114,MACR,R114,-1.0
188,114,HO,R114,-1.0
55,114,R114,MACP,0.57
170,114,R114,MCP,0.43
113,115,MVK,R115,-1.0
188,115,HO,R115,-1.0
80,115,R115,MVKP,1.0
132,116,UALD,R116,-1.0
188,116,HO,R116,-1.0
81,116,R116,ACO3,0.313
149,116,R116,UALP,0.687
108,117,GLY,R117,-1.0
188,117,HO,R117,-1.0
142,117,R117,HO2,1.0
150,117,R117,CO,2.0
174,118,MGLY,R118,-1.0
188,118,HO,R118,-1.0
81,118,R118,ACO3,1.0
150,118,R118,CO,1.0
68,119,DCB1,R119,-1.0
188,119,HO,R119,-1.0
142,119,R119,HO2,0.52
150,119,R119,CO,0.33
97,119,R119,ALD,0.4
53,119,R119,KET,0.78
108,119,R119,GLY,0.1
174,119,R119,MGLY,0.01
34,120,DCB2,R120,-1.0
188,120,HO,R120,-1.0
142,120,R120,HO2,0.52
150,120,R120,CO,0.33
56,120,R120,MEK,0.13
108,120,R120,GLY,0.1
174,120,R120,MGLY,0.01
159,120,R120,OP2,0.78
189,121,DCB3,R121,-1.0
188,121,HO,R121,-1.0
142,121,R121,HO2,0.56
55,121,R121,MACP,0.21
150,121,R121,CO,0.11
108,121,R121,GLY,0.27
174,121,R121,MGLY,0.01
159,121,R121,OP2,0.79
51,122,BALD,R122,-1.0
188,122,HO,R122,-1.0
52,122,R122,BALP,1.0
183,123,PHEN,R123,-1.0
188,123,HO,R123,-1.0
143,123,R123,ASOATJ,0.152
142,123,R123,HO2,0.619
151,123,R123,ADDC,0.17
78,123,R123,CHO,0.059
186,123,R123,MCT,0.619
20,124,CSL,R124,-1.0
188,124,HO,R124,-1.0
143,124,R124,ASOATJ,0.2
142,124,R124,HO2,0.584
151,124,R124,ADDC,0.16
78,124,R124,CHO,0.056
186,124,R124,MCT,0.584
186,125,MCT,R125,-1.0
188,125,HO,R125,-1.0
71,125,R125,MCTO,1.0
127,126,MOH,R126,-1.0
188,126,HO,R126,-1.0
142,126,R126,HO2,1.0
65,126,R126,HCHO,1.0
64,127,EOH,R127,-1.0
188,127,HO,R127,-1.0
142,127,R127,HO2,1.0
50,127,R127,ACD,1.0
196,128,ROH,R128,-1.0
188,128,HO,R128,-1.0
142,128,R128,HO2,1.0
97,128,R128,ALD,0.719
50,128,R128,ACD,0.184
45,129,ETEG,R129,-1.0
188,129,HO,R129,-1.0
142,129,R129,HO2,1.0
97,129,R129,ALD,1.0
134,130,OP1,R130,-1.0
188,130,HO,R130,-1.0
188,130,R130,HO,0.35
128,130,R130,MO2,0.65
65,130,R130,HCHO,0.35
159,131,OP2,R131,-1.0
188,131,HO,R131,-1.0
188,131,R131,HO,0.01
41,131,R131,HC3P,0.44
176,131,R131,XO2,0.07
97,131,R131,ALD,0.08
53,131,R131,KET,0.41
156,132,OPB,R132,-1.0
188,132,HO,R132,-1.0
188,132,R132,HO,0.01
85,132,R132,HC10P,0.44
176,132,R132,XO2,0.07
97,132,R132,ALD,0.08
53,132,R132,KET,0.41
139,133,OP3,R133,-1.0
188,133,HO,R133,-1.0
188,133,R133,HO,0.01
85,133,R133,HC10P,0.44
176,133,R133,XO2,0.07
97,133,R133,ALD,0.08
53,133,R133,KET,0.41
93,134,MAHP,R134,-1.0
188,134,HO,R134,-1.0
55,134,R134,MACP,1.0
46,135,ORA1,R135,-1.0
188,135,HO,R135,-1.0
142,135,R135,HO2,1.0
163,136,ORA2,R136,-1.0
188,136,HO,R136,-1.0
128,136,R136,MO2,0.64
16,136,R136,ORAP,0.36
133,137,PAA,R137,-1.0
188,137,HO,R137,-1.0
188,137,R137,HO,0.35
81,137,R137,ACO3,0.65
176,137,R137,XO2,0.35
65,137,R137,HCHO,0.35
70,138,PAN,R138,-1.0
188,138,HO,R138,-1.0
176,138,R138,XO2,1.0
110,138,R138,NO3,1.0
65,138,R138,HCHO,1.0
130,139,PPN,R139,-1.0
188,139,HO,R139,-1.0
176,139,R139,XO2,1.0
110,139,R139,NO3,1.0
65,139,R139,HCHO,1.0
89,140,MPAN,R140,-1.0
188,140,HO,R140,-1.0
126,140,R140,NO2,1.0
23,140,R140,HKET,1.0
90,141,ONIT,R141,-1.0
188,141,HO,R141,-1.0
41,141,R141,HC3P,1.0
126,141,R141,NO2,1.0
115,142,TRPN,R142,-1.0
188,142,HO,R142,-1.0
19,142,R142,HONIT,0.33
126,142,R142,NO2,0.67
165,142,R142,PINAL,0.27
53,142,R142,KET,0.38
65,142,R142,HCHO,0.21
97,142,R142,ALD,0.02
19,143,HONIT,R143,-1.0
188,143,HO,R143,-1.0
23,143,R143,HKET,1.0
110,143,R143,NO3,1.0
54,144,ETE,R144,-1.0
195,144,O3,R144,-1.0
188,144,R144,HO,0.08
142,144,R144,HO2,0.15
150,144,R144,CO,0.43
65,144,R144,HCHO,1.0
46,144,R144,ORA1,0.37
136,145,OLT,R145,-1.0
195,145,O3,R145,-1.0
188,145,R145,HO,0.22
142,145,R145,HO2,0.32
128,145,R145,MO2,0.08
18,145,R145,ETHP,0.06
41,145,R145,HC3P,0.04
120,145,R145,HC5P,0.02
49,145,R145,H2O2,0.068
150,145,R145,CO,0.43
24,145,R145,ETH,0.02
191,145,R145,HC3,0.015
172,145,R145,HC5,0.006
13,145,R145,BEN,0.032
65,145,R145,HCHO,0.56
50,145,R145,ACD,0.01
97,145,R145,ALD,0.44
27,145,R145,ACT,0.03
51,145,R145,BALD,0.02
56,145,R145,MEK,0.06
23,145,R145,HKET,0.01
46,145,R145,ORA1,0.03
163,145,R145,ORA2,0.06
121,146,OLI,R146,-1.0
195,146,O3,R146,-1.0
188,146,R146,HO,0.46
142,146,R146,HO2,0.07
128,146,R146,MO2,0.32
18,146,R146,ETHP,0.07
41,146,R146,HC3P,0.04
81,146,R146,ACO3,0.09
150,146,R146,CO,0.37
49,146,R146,H2O2,0.026
24,146,R146,ETH,0.01
191,146,R146,HC3,0.01
65,146,R146,HCHO,0.09
50,146,R146,ACD,0.457
97,146,R146,ALD,0.73
27,146,R146,ACT,0.11
53,146,R146,KET,0.017
23,146,R146,HKET,0.044
163,146,R146,ORA2,0.017
4,147,API,R147,-1.0
195,147,O3,R147,-1.0
188,147,R147,HO,0.6055
33,147,R147,PINALP,0.2145
49,147,R147,H2O2,0.255
165,147,R147,PINAL,0.2535
163,147,R147,ORA2,0.0065
142,147,R147,HO2,0.1105
150,147,R147,CO,0.1105
65,147,R147,HCHO,0.459
62,147,R147,RCO3,0.2805
53,147,R147,KET,0.1785
191,147,R147,HC3,0.0665
134,147,R147,OP1,0.0385
46,147,R147,ORA1,0.028
164,148,LIM,R148,-1.0
195,148,O3,R148,-1.0
188,148,R148,HO,0.66
28,148,R148,LIMAL,0.66
81,148,R148,ACO3,0.33
65,148,R148,HCHO,0.33
62,148,R148,RCO3,0.33
49,148,R148,H2O2,0.33
163,148,R148,ORA2,0.01
28,149,LIMAL,R149,-1.0
195,149,O3,R149,-1.0
188,149,R149,HO,0.09
97,149,R149,ALD,1.0
65,149,R149,HCHO,0.62
134,149,R149,OP1,0.23
49,149,R149,H2O2,0.02
46,149,R149,ORA1,0.15
115,150,TRPN,R150,-1.0
195,150,O3,R150,-1.0
19,150,R150,HONIT,0.33
126,150,R150,NO2,0.67
165,150,R150,PINAL,0.27
53,150,R150,KET,0.38
65,150,R150,HCHO,0.21
97,150,R150,ALD,0.02
83,151,MACR,R151,-1.0
195,151,O3,R151,-1.0
188,151,R151,HO,0.19
142,151,R151,HO2,0.14
81,151,R151,ACO3,0.1
150,151,R151,CO,0.22
174,151,R151,MGLY,0.5
46,151,R151,ORA1,0.45
113,152,MVK,R152,-1.0
195,152,O3,R152,-1.0
188,152,R152,HO,0.16
142,152,R152,HO2,0.11
81,152,R152,ACO3,0.28
176,152,R152,XO2,0.01
150,152,R152,CO,0.56
65,152,R152,HCHO,0.1
174,152,R152,MGLY,0.54
46,152,R152,ORA1,0.07
163,152,R152,ORA2,0.07
97,152,R152,ALD,0.1
132,153,UALD,R153,-1.0
195,153,O3,R153,-1.0
188,153,R153,HO,0.1
142,153,R153,HO2,0.072
128,153,R153,MO2,0.008
81,153,R153,ACO3,0.002
176,153,R153,XO2,0.1
150,153,R153,CO,0.243
65,153,R153,HCHO,0.08
50,153,R153,ACD,0.42
53,153,R153,KET,0.028
108,153,R153,GLY,0.491
174,153,R153,MGLY,0.003
46,153,R153,ORA1,0.044
68,154,DCB1,R154,-1.0
195,154,O3,R154,-1.0
188,154,R154,HO,0.05
142,154,R154,HO2,1.0
62,154,R154,RCO3,0.6
176,154,R154,XO2,0.6
150,154,R154,CO,1.5
65,154,R154,HCHO,0.05
108,154,R154,GLY,0.05
174,154,R154,MGLY,0.08
159,154,R154,OP2,0.65
34,155,DCB2,R155,-1.0
195,155,O3,R155,-1.0
188,155,R155,HO,0.05
142,155,R155,HO2,1.0
62,155,R155,RCO3,0.6
176,155,R155,XO2,0.6
150,155,R155,CO,1.5
65,155,R155,HCHO,0.05
108,155,R155,GLY,0.05
174,155,R155,MGLY,0.08
68,155,R155,DCB1,0.7
159,155,R155,OP2,0.65
189,156,DCB3,R156,-1.0
195,156,O3,R156,-1.0
188,156,R156,HO,0.05
142,156,R156,HO2,1.0
150,156,R156,CO,1.5
108,156,R156,GLY,0.48
68,156,R156,DCB1,0.7
46,156,R156,ORA1,0.25
163,156,R156,ORA2,0.25
133,156,R156,PAA,0.11
71,157,MCTO,R157,-1.0
195,157,O3,R157,-1.0
153,157,R157,MCTP,1.0
54,158,ETE,R158,-1.0
110,158,NO3,R158,-1.0
66,158,R158,OLNN,0.8
161,158,R158,OLND,0.2
136,159,OLT,R159,-1.0
110,159,NO3,R159,-1.0
66,159,R159,OLNN,0.43
161,159,R159,OLND,0.57
121,160,OLI,R160,-1.0
110,160,NO3,R160,-1.0
66,160,R160,OLNN,0.11
161,160,R160,OLND,0.89
4,161,API,R161,-1.0
110,161,NO3,R161,-1.0
47,161,R161,APINP1,0.975
57,161,R161,APINP2,0.025
164,162,LIM,R162,-1.0
110,162,NO3,R162,-1.0
109,162,R162,LIMNP1,0.945
32,162,R162,LIMNP2,0.055
115,163,TRPN,R163,-1.0
110,163,NO3,R163,-1.0
19,163,R163,HONIT,0.33
126,163,R163,NO2,0.67
165,163,R163,PINAL,0.27
53,163,R163,KET,0.38
65,163,R163,HCHO,0.21
97,163,R163,ALD,0.02
65,164,HCHO,R164,-1.0
110,164,NO3,R164,-1.0
142,164,R164,HO2,1.0
150,164,R164,CO,1.0
11,164,R164,HNO3,1.0
50,165,ACD,R165,-1.0
110,165,NO3,R165,-1.0
81,165,R165,ACO3,1.0
11,165,R165,HNO3,1.0
97,166,ALD,R166,-1.0
110,166,NO3,R166,-1.0
62,166,R166,RCO3,1.0
11,166,R166,HNO3,1.0
83,167,MACR,R167,-1.0
110,167,NO3,R167,-1.0
65,167,R167,HCHO,0.68
55,167,R167,MACP,0.32
176,167,R167,XO2,0.68
174,167,R167,MGLY,0.68
11,167,R167,HNO3,0.32
126,167,R167,NO2,0.68
132,168,UALD,R168,-1.0
110,168,NO3,R168,-1.0
142,168,R168,HO2,1.0
176,168,R168,XO2,1.0
150,168,R168,CO,0.668
65,168,R168,HCHO,0.332
97,168,R168,ALD,0.332
90,168,R168,ONIT,1.0
108,169,GLY,R169,-1.0
110,169,NO3,R169,-1.0
142,169,R169,HO2,1.0
150,169,R169,CO,2.0
11,169,R169,HNO3,1.0
174,170,MGLY,R170,-1.0
110,170,NO3,R170,-1.0
81,170,R170,ACO3,1.0
150,170,R170,CO,1.0
11,170,R170,HNO3,1.0
183,171,PHEN,R171,-1.0
110,171,NO3,R171,-1.0
143,171,R171,ASOATJ,0.152
78,171,R171,CHO,0.339
151,171,R171,ADDC,0.85
36,171,R171,ADCN,0.424
11,171,R171,HNO3,0.424
20,172,CSL,R172,-1.0
110,172,NO3,R172,-1.0
143,172,R172,ASOATJ,0.2
78,172,R172,CHO,0.32
151,172,R172,ADDC,0.08
36,172,R172,ADCN,0.4
11,172,R172,HNO3,0.4
186,173,MCT,R173,-1.0
110,173,NO3,R173,-1.0
71,173,R173,MCTO,1.0
11,173,R173,HNO3,1.0
89,174,MPAN,R174,-1.0
110,174,NO3,R174,-1.0
55,174,R174,MACP,1.0
126,174,R174,NO2,1.0
33,175,PINALP,R175,-1.0
42,175,R175,HOM,1.0
140,176,LIMALP,R176,-1.0
42,176,R176,HOM,1.0
81,177,ACO3,R177,-1.0
126,177,NO2,R177,-1.0
70,177,R177,PAN,1.0
70,178,PAN,R178,-1.0
81,178,R178,ACO3,1.0
126,178,R178,NO2,1.0
62,179,RCO3,R179,-1.0
126,179,NO2,R179,-1.0
130,179,R179,PPN,1.0
130,180,PPN,R180,-1.0
62,180,R180,RCO3,1.0
126,180,R180,NO2,1.0
55,181,MACP,R181,-1.0
126,181,NO2,R181,-1.0
89,181,R181,MPAN,1.0
89,182,MPAN,R182,-1.0
55,182,R182,MACP,1.0
126,182,R182,NO2,1.0
128,183,MO2,R183,-1.0
119,183,NO,R183,-1.0
142,183,R183,HO2,1.0
126,183,R183,NO2,1.0
65,183,R183,HCHO,1.0
18,184,ETHP,R184,-1.0
119,184,NO,R184,-1.0
142,184,R184,HO2,1.0
126,184,R184,NO2,1.0
50,184,R184,ACD,1.0
41,185,HC3P,R185,-1.0
119,185,NO,R185,-1.0
142,185,R185,HO2,0.66
128,185,R185,MO2,0.131
18,185,R185,ETHP,0.048
176,185,R185,XO2,0.089
126,185,R185,NO2,0.935
50,185,R185,ACD,0.504
97,185,R185,ALD,0.132
27,185,R185,ACT,0.165
56,185,R185,MEK,0.042
90,185,R185,ONIT,0.065
120,186,HC5P,R186,-1.0
119,186,NO,R186,-1.0
142,186,R186,HO2,0.2
128,186,R186,MO2,0.051
18,186,R186,ETHP,0.231
176,186,R186,XO2,0.235
126,186,R186,NO2,0.864
65,186,R186,HCHO,0.018
50,186,R186,ACD,0.045
97,186,R186,ALD,0.203
56,186,R186,MEK,0.033
27,186,R186,ACT,0.217
53,186,R186,KET,0.033
23,186,R186,HKET,0.272
90,186,R186,ONIT,0.136
30,187,ETEP,R187,-1.0
119,187,NO,R187,-1.0
142,187,R187,HO2,1.0
126,187,R187,NO2,1.0
65,187,R187,HCHO,1.6
97,187,R187,ALD,0.2
88,188,OLTP,R188,-1.0
119,188,NO,R188,-1.0
142,188,R188,HO2,0.78
126,188,R188,NO2,0.97
65,188,R188,HCHO,0.78
50,188,R188,ACD,0.012
97,188,R188,ALD,0.44
27,188,R188,ACT,0.06
56,188,R188,MEK,0.13
90,188,R188,ONIT,0.03
21,189,OLIP,R189,-1.0
119,189,NO,R189,-1.0
142,189,R189,HO2,0.83
126,189,R189,NO2,0.95
50,189,R189,ACD,0.81
97,189,R189,ALD,0.68
27,189,R189,ACT,0.2
53,189,R189,KET,0.09
23,189,R189,HKET,0.02
90,189,R189,ONIT,0.05
103,190,BENP,R190,-1.0
119,190,NO,R190,-1.0
90,190,R190,ONIT,0.0
69,190,R190,VROCP4OXY2,0.0012
157,190,R190,VROCN1OXY6,0.0008
126,190,R190,NO2,0.998
142,190,R190,HO2,0.998
51,190,R190,BALD,0.0
108,190,R190,GLY,0.998
76,190,R190,FURANONE,0.499
34,190,R190,DCB2,0.2495
189,190,R190,DCB3,0.2495
131,191,TOLP,R191,-1.0
119,191,NO,R191,-1.0
90,191,R191,ONIT,0.0002
69,191,R191,VROCP4OXY2,0.0013
157,191,R191,VROCN1OXY6,0.0006
126,191,R191,NO2,0.998
142,191,R191,HO2,0.998
51,191,R191,BALD,0.0852
108,191,R191,GLY,0.5477
174,191,R191,MGLY,0.3651
76,191,R191,FURANONE,0.3651
68,191,R191,DCB1,0.5477
86,192,XYLP,R192,-1.0
119,192,NO,R192,-1.0
90,192,R192,ONIT,0.0001
173,192,R192,VROCP3OXY2,0.0013
99,192,R192,VROCP0OXY4,0.0006
126,192,R192,NO2,0.998
142,192,R192,HO2,0.998
51,192,R192,BALD,0.0481
108,192,R192,GLY,0.7029
174,192,R192,MGLY,0.247
76,192,R192,FURANONE,0.3515
34,192,R192,DCB2,0.5984
102,193,EBZP,R193,-1.0
119,193,NO,R193,-1.0
90,193,R193,ONIT,0.0002
173,193,R193,VROCP3OXY2,0.0013
99,193,R193,VROCP0OXY4,0.0006
126,193,R193,NO2,0.998
142,193,R193,HO2,0.998
51,193,R193,BALD,0.0852
108,193,R193,GLY,0.5477
174,193,R193,MGLY,0.3651
76,193,R193,FURANONE,0.4564
34,193,R193,DCB2,0.4564
77,194,APIP1,R194,-1.0
119,194,NO,R194,-1.0
115,194,R194,TRPN,0.237
142,194,R194,HO2,0.763
126,194,R194,NO2,0.763
165,194,R194,PINAL,0.195
97,194,R194,ALD,0.284
27,194,R194,ACT,0.0865
28,194,R194,LIMAL,0.1285
65,194,R194,HCHO,0.308
156,194,R194,OPB,0.0715
53,194,R194,KET,0.084
193,195,APIP2,R195,-1.0
119,195,NO,R195,-1.0
188,195,R195,HO,0.82
126,195,R195,NO2,0.82
42,195,R195,HOM,1.0
47,196,APINP1,R196,-1.0
119,196,NO,R196,-1.0
126,196,R196,NO2,1.6955
115,196,R196,TRPN,0.2345
90,196,R196,ONIT,0.07
165,196,R196,PINAL,0.6045
97,196,R196,ALD,0.154
53,196,R196,KET,0.007
65,196,R196,HCHO,0.007
142,196,R196,HO2,0.1645
57,197,APINP2,R197,-1.0
119,197,NO,R197,-1.0
126,197,R197,NO2,0.82
188,197,R197,HO,0.82
42,197,R197,HOM,1.0
101,198,LIMP1,R198,-1.0
119,198,NO,R198,-1.0
115,198,R198,TRPN,0.23
126,198,R198,NO2,0.77
28,198,R198,LIMAL,0.77
142,198,R198,HO2,0.77
65,198,R198,HCHO,0.43
75,199,LIMP2,R199,-1.0
119,199,NO,R199,-1.0
188,199,R199,HO,0.77
126,199,R199,NO2,0.77
42,199,R199,HOM,1.0
109,200,LIMNP1,R200,-1.0
119,200,NO,R200,-1.0
115,200,R200,TRPN,0.57
90,200,R200,ONIT,0.07
126,200,R200,NO2,1.36
28,200,R200,LIMAL,0.43
142,200,R200,HO2,0.5
32,201,LIMNP2,R201,-1.0
119,201,NO,R201,-1.0
126,201,R201,NO2,0.77
188,201,R201,HO,0.77
42,201,R201,HOM,1.0
33,202,PINALP,R202,-1.0
119,202,NO,R202,-1.0
115,202,R202,TRPN,0.36
42,202,R202,HOM,0.64
126,202,R202,NO2,0.64
140,203,LIMALP,R203,-1.0
119,203,NO,R203,-1.0
115,203,R203,TRPN,0.64
126,203,R203,NO2,0.36
142,203,R203,HO2,0.36
65,203,R203,HCHO,0.36
133,203,R203,PAA,0.36
81,204,ACO3,R204,-1.0
119,204,NO,R204,-1.0
128,204,R204,MO2,1.0
126,204,R204,NO2,1.0
62,205,RCO3,R205,-1.0
119,205,NO,R205,-1.0
18,205,R205,ETHP,1.0
126,205,R205,NO2,1.0
10,206,ACTP,R206,-1.0
119,206,NO,R206,-1.0
81,206,R206,ACO3,1.0
126,206,R206,NO2,1.0
65,206,R206,HCHO,1.0
112,207,MEKP,R207,-1.0
119,207,NO,R207,-1.0
142,207,R207,HO2,0.67
126,207,R207,NO2,1.0
65,207,R207,HCHO,0.33
68,207,R207,DCB1,0.67
125,208,KETP,R208,-1.0
119,208,NO,R208,-1.0
142,208,R208,HO2,0.77
81,208,R208,ACO3,0.23
176,208,R208,XO2,0.16
126,208,R208,NO2,1.0
97,208,R208,ALD,0.46
174,208,R208,MGLY,0.54
55,209,MACP,R209,-1.0
119,209,NO,R209,-1.0
128,209,R209,MO2,0.65
81,209,R209,ACO3,0.35
126,209,R209,NO2,1.0
150,209,R209,CO,0.65
65,209,R209,HCHO,0.65
170,210,MCP,R210,-1.0
119,210,NO,R210,-1.0
126,210,R210,NO2,1.0
142,210,R210,HO2,0.5
65,210,R210,HCHO,0.5
23,210,R210,HKET,1.0
80,211,MVKP,R211,-1.0
119,211,NO,R211,-1.0
142,211,R211,HO2,0.3
81,211,R211,ACO3,0.7
176,211,R211,XO2,0.7
126,211,R211,NO2,1.0
65,211,R211,HCHO,0.3
97,211,R211,ALD,0.7
174,211,R211,MGLY,0.3
149,212,UALP,R212,-1.0
119,212,NO,R212,-1.0
142,212,R212,HO2,1.0
126,212,R212,NO2,1.0
150,212,R212,CO,0.61
65,212,R212,HCHO,0.03
97,212,R212,ALD,0.27
108,212,R212,GLY,0.18
53,212,R212,KET,0.7
174,212,R212,MGLY,0.21
52,213,BALP,R213,-1.0
119,213,NO,R213,-1.0
117,213,R213,BAL1,1.0
126,213,R213,NO2,1.0
117,214,BAL1,R214,-1.0
119,214,NO,R214,-1.0
25,214,R214,BAL2,1.0
126,214,R214,NO2,1.0
151,215,ADDC,R215,-1.0
119,215,NO,R215,-1.0
142,215,R215,HO2,1.0
126,215,R215,NO2,1.0
23,215,R215,HKET,0.32
108,215,R215,GLY,0.68
159,215,R215,OP2,0.68
153,216,MCTP,R216,-1.0
119,216,NO,R216,-1.0
71,216,R216,MCTO,1.0
126,216,R216,NO2,1.0
16,217,ORAP,R217,-1.0
119,217,NO,R217,-1.0
126,217,R217,NO2,1.0
108,217,R217,GLY,1.0
142,217,R217,HO2,1.0
66,218,OLNN,R218,-1.0
119,218,NO,R218,-1.0
126,218,R218,NO2,1.0
142,218,R218,HO2,1.0
90,218,R218,ONIT,1.0
161,219,OLND,R219,-1.0
119,219,NO,R219,-1.0
126,219,R219,NO2,2.0
65,219,R219,HCHO,0.287
97,219,R219,ALD,1.24
53,219,R219,KET,0.464
36,220,ADCN,R220,-1.0
119,220,NO,R220,-1.0
126,220,R220,NO2,2.0
108,220,R220,GLY,1.0
159,220,R220,OP2,1.0
176,221,XO2,R221,-1.0
119,221,NO,R221,-1.0
126,221,R221,NO2,1.0
25,222,BAL2,R222,-1.0
126,222,NO2,R222,-1.0
90,222,R222,ONIT,1.0
78,223,CHO,R223,-1.0
126,223,NO2,R223,-1.0
90,223,R223,ONIT,1.0
71,224,MCTO,R224,-1.0
126,224,NO2,R224,-1.0
90,224,R224,ONIT,1.0
128,225,MO2,R225,-1.0
142,225,HO2,R225,-1.0
134,225,R225,OP1,1.0
18,226,ETHP,R226,-1.0
142,226,HO2,R226,-1.0
159,226,R226,OP2,1.0
41,227,HC3P,R227,-1.0
142,227,HO2,R227,-1.0
159,227,R227,OP2,1.0
120,228,HC5P,R228,-1.0
142,228,HO2,R228,-1.0
159,228,R228,OP2,1.0
30,229,ETEP,R229,-1.0
142,229,HO2,R229,-1.0
159,229,R229,OP2,1.0
88,230,OLTP,R230,-1.0
142,230,HO2,R230,-1.0
159,230,R230,OP2,1.0
21,231,OLIP,R231,-1.0
142,231,HO2,R231,-1.0
159,231,R231,OP2,1.0
103,232,BENP,R232,-1.0
142,232,HO2,R232,-1.0
159,232,R232,OP2,0.6021
157,232,R232,VROCN1OXY6,0.3979
131,233,TOLP,R233,-1.0
142,233,HO2,R233,-1.0
159,233,R233,OP2,0.7195
157,233,R233,VROCN1OXY6,0.2805
86,234,XYLP,R234,-1.0
142,234,HO2,R234,-1.0
159,234,R234,OP2,0.0482
139,234,R234,OP3,0.6747
99,234,R234,VROCP0OXY4,0.2771
102,235,EBZP,R235,-1.0
142,235,HO2,R235,-1.0
159,235,R235,OP2,0.0854
139,235,R235,OP3,0.6341
99,235,R235,VROCP0OXY4,0.2805
77,236,APIP1,R236,-1.0
142,236,HO2,R236,-1.0
27,236,R236,ACT,0.039
28,236,R236,LIMAL,0.039
65,236,R236,HCHO,0.0625
156,236,R236,OPB,0.762
142,236,R236,HO2,0.3225
165,236,R236,PINAL,0.1885
188,236,R236,HO,0.238
53,236,R236,KET,0.0105
193,237,APIP2,R237,-1.0
142,237,HO2,R237,-1.0
42,237,R237,HOM,1.0
47,238,APINP1,R238,-1.0
142,238,HO2,R238,-1.0
115,238,R238,TRPN,0.461
165,238,R238,PINAL,0.455
126,238,R238,NO2,0.539
188,238,R238,HO,0.6195
97,238,R238,ALD,0.077
53,238,R238,KET,0.007
65,238,R238,HCHO,0.007
57,239,APINP2,R239,-1.0
142,239,HO2,R239,-1.0
42,239,R239,HOM,1.0
101,240,LIMP1,R240,-1.0
142,240,HO2,R240,-1.0
156,240,R240,OPB,0.9
28,240,R240,LIMAL,0.1
188,240,R240,HO,0.1
142,240,R240,HO2,0.1
65,240,R240,HCHO,0.06
75,241,LIMP2,R241,-1.0
142,241,HO2,R241,-1.0
42,241,R241,HOM,1.0
109,242,LIMNP1,R242,-1.0
142,242,HO2,R242,-1.0
115,242,R242,TRPN,0.77
188,242,R242,HO,0.5
28,242,R242,LIMAL,0.23
126,242,R242,NO2,0.23
142,242,R242,HO2,0.27
32,243,LIMNP2,R243,-1.0
142,243,HO2,R243,-1.0
42,243,R243,HOM,1.0
33,244,PINALP,R244,-1.0
142,244,HO2,R244,-1.0
156,244,R244,OPB,0.75
188,244,R244,HO,0.25
42,244,R244,HOM,0.25
140,245,LIMALP,R245,-1.0
142,245,HO2,R245,-1.0
156,245,R245,OPB,0.9
188,245,R245,HO,0.1
142,245,R245,HO2,0.1
65,245,R245,HCHO,0.1
133,245,R245,PAA,0.1
81,246,ACO3,R246,-1.0
142,246,HO2,R246,-1.0
188,246,R246,HO,0.44
128,246,R246,MO2,0.44
163,246,R246,ORA2,0.15
133,246,R246,PAA,0.41
62,247,RCO3,R247,-1.0
142,247,HO2,R247,-1.0
188,247,R247,HO,0.44
18,247,R247,ETHP,0.44
163,247,R247,ORA2,0.15
133,247,R247,PAA,0.41
10,248,ACTP,R248,-1.0
142,248,HO2,R248,-1.0
188,248,R248,HO,0.15
81,248,R248,ACO3,0.15
65,248,R248,HCHO,0.15
159,248,R248,OP2,0.85
112,249,MEKP,R249,-1.0
142,249,HO2,R249,-1.0
159,249,R249,OP2,1.0
125,250,KETP,R250,-1.0
142,250,HO2,R250,-1.0
159,250,R250,OP2,1.0
55,251,MACP,R251,-1.0
142,251,HO2,R251,-1.0
93,251,R251,MAHP,1.0
170,252,MCP,R252,-1.0
142,252,HO2,R252,-1.0
93,252,R252,MAHP,1.0
80,253,MVKP,R253,-1.0
142,253,HO2,R253,-1.0
159,253,R253,OP2,1.0
149,254,UALP,R254,-1.0
142,254,HO2,R254,-1.0
159,254,R254,OP2,1.0
151,255,ADDC,R255,-1.0
142,255,HO2,R255,-1.0
159,255,R255,OP2,1.0
78,256,CHO,R256,-1.0
142,256,HO2,R256,-1.0
20,256,R256,CSL,1.0
153,257,MCTP,R257,-1.0
142,257,HO2,R257,-1.0
159,257,R257,OP2,1.0
16,258,ORAP,R258,-1.0
142,258,HO2,R258,-1.0
159,258,R258,OP2,1.0
66,259,OLNN,R259,-1.0
142,259,HO2,R259,-1.0
90,259,R259,ONIT,1.0
161,260,OLND,R260,-1.0
142,260,HO2,R260,-1.0
90,260,R260,ONIT,1.0
36,261,ADCN,R261,-1.0
142,261,HO2,R261,-1.0
159,261,R261,OP2,1.0
176,262,XO2,R262,-1.0
142,262,HO2,R262,-1.0
159,262,R262,OP2,1.0
128,263,MO2,R263,-1.0
128,263,MO2,R263,-1.0
142,263,R263,HO2,0.74
65,263,R263,HCHO,1.37
127,263,R263,MOH,0.63
18,264,ETHP,R264,-1.0
128,264,MO2,R264,-1.0
142,264,R264,HO2,1.0
65,264,R264,HCHO,0.75
50,264,R264,ACD,0.75
127,264,R264,MOH,0.25
64,264,R264,EOH,0.25
41,265,HC3P,R265,-1.0
128,265,MO2,R265,-1.0
142,265,R265,HO2,0.894
128,265,R265,MO2,0.08
18,265,R265,ETHP,0.026
176,265,R265,XO2,0.026
65,265,R265,HCHO,0.827
97,265,R265,ALD,0.198
53,265,R265,KET,0.497
108,265,R265,GLY,0.05
127,265,R265,MOH,0.25
196,265,R265,ROH,0.25
120,266,HC5P,R266,-1.0
128,266,MO2,R266,-1.0
142,266,R266,HO2,0.842
128,266,R266,MO2,0.018
18,266,R266,ETHP,0.14
176,266,R266,XO2,0.191
65,266,R266,HCHO,0.777
97,266,R266,ALD,0.251
53,266,R266,KET,0.618
127,266,R266,MOH,0.25
196,266,R266,ROH,0.25
30,267,ETEP,R267,-1.0
128,267,MO2,R267,-1.0
142,267,R267,HO2,1.0
65,267,R267,HCHO,1.95
97,267,R267,ALD,0.15
127,267,R267,MOH,0.25
45,267,R267,ETEG,0.25
88,268,OLTP,R268,-1.0
128,268,MO2,R268,-1.0
142,268,R268,HO2,1.0
65,268,R268,HCHO,1.5
97,268,R268,ALD,0.705
53,268,R268,KET,0.045
127,268,R268,MOH,0.25
196,268,R268,ROH,0.25
21,269,OLIP,R269,-1.0
128,269,MO2,R269,-1.0
142,269,R269,HO2,1.0
65,269,R269,HCHO,0.75
97,269,R269,ALD,1.28
53,269,R269,KET,0.218
127,269,R269,MOH,0.25
196,269,R269,ROH,0.25
103,270,BENP,R270,-1.0
128,270,MO2,R270,-1.0
65,270,R270,HCHO,0.68
142,270,R270,HO2,1.37
127,270,R270,MOH,0.32
51,270,R270,BALD,0.0
108,270,R270,GLY,1.0
76,270,R270,FURANONE,0.5
34,270,R270,DCB2,0.25
189,270,R270,DCB3,0.25
131,271,TOLP,R271,-1.0
128,271,MO2,R271,-1.0
65,271,R271,HCHO,0.68
142,271,R271,HO2,1.2846
127,271,R271,MOH,0.32
51,271,R271,BALD,0.0854
108,271,R271,GLY,0.5488
174,271,R271,MGLY,0.3659
76,271,R271,FURANONE,0.3659
68,271,R271,DCB1,0.5488
86,272,XYLP,R272,-1.0
128,272,MO2,R272,-1.0
65,272,R272,HCHO,0.68
142,272,R272,HO2,1.3218
127,272,R272,MOH,0.32
51,272,R272,BALD,0.0482
108,272,R272,GLY,0.7043
174,272,R272,MGLY,0.2475
76,272,R272,FURANONE,0.3522
34,272,R272,DCB2,0.5996
102,273,EBZP,R273,-1.0
128,273,MO2,R273,-1.0
65,273,R273,HCHO,0.68
142,273,R273,HO2,1.2846
127,273,R273,MOH,0.32
51,273,R273,BALD,0.0854
108,273,R273,GLY,0.5488
174,273,R273,MGLY,0.3659
76,273,R273,FURANONE,0.4573
34,273,R273,DCB2,0.4573
158,274,ISOP,R274,-1.0
128,274,MO2,R274,-1.0
142,274,R274,HO2,1.0
65,274,R274,HCHO,1.31
83,274,R274,MACR,0.159
113,274,R274,MVK,0.25
127,274,R274,MOH,0.25
196,274,R274,ROH,0.25
97,274,R274,ALD,0.023
108,274,R274,GLY,0.018
23,274,R274,HKET,0.016
77,275,APIP1,R275,-1.0
128,275,MO2,R275,-1.0
65,275,R275,HCHO,1.0295
28,275,R275,LIMAL,0.2205
165,275,R275,PINAL,0.273
97,275,R275,ALD,0.2385
156,275,R275,OPB,0.0845
127,275,R275,MOH,0.1105
53,275,R275,KET,0.1835
27,275,R275,ACT,0.067
142,275,R275,HO2,1.279
193,276,APIP2,R276,-1.0
128,276,MO2,R276,-1.0
142,276,R276,HO2,1.0
65,276,R276,HCHO,0.75
127,276,R276,MOH,0.25
42,276,R276,HOM,1.0
47,277,APINP1,R277,-1.0
128,277,MO2,R277,-1.0
115,277,R277,TRPN,0.341
65,277,R277,HCHO,0.964
127,277,R277,MOH,0.043
142,277,R277,HO2,0.918
126,277,R277,NO2,0.659
165,277,R277,PINAL,0.533
53,277,R277,KET,0.007
97,277,R277,ALD,0.119
57,278,APINP2,R278,-1.0
128,278,MO2,R278,-1.0
142,278,R278,HO2,0.75
126,278,R278,NO2,0.75
127,278,R278,MOH,0.25
65,278,R278,HCHO,0.75
42,278,R278,HOM,1.0
101,279,LIMP1,R279,-1.0
128,279,MO2,R279,-1.0
127,279,R279,MOH,0.25
28,279,R279,LIMAL,1.0
65,279,R279,HCHO,1.03
142,279,R279,HO2,1.0
75,280,LIMP2,R280,-1.0
128,280,MO2,R280,-1.0
142,280,R280,HO2,1.0
65,280,R280,HCHO,0.75
127,280,R280,MOH,0.25
42,280,R280,HOM,1.0
109,281,LIMNP1,R281,-1.0
128,281,MO2,R281,-1.0
115,281,R281,TRPN,0.69
65,281,R281,HCHO,0.91
127,281,R281,MOH,0.09
142,281,R281,HO2,1.01
28,281,R281,LIMAL,0.31
126,281,R281,NO2,0.31
32,282,LIMNP2,R282,-1.0
128,282,MO2,R282,-1.0
142,282,R282,HO2,0.75
65,282,R282,HCHO,0.75
126,282,R282,NO2,0.75
127,282,R282,MOH,0.25
42,282,R282,HOM,1.0
81,283,ACO3,R283,-1.0
128,283,MO2,R283,-1.0
142,283,R283,HO2,0.9
128,283,R283,MO2,0.9
65,283,R283,HCHO,1.0
163,283,R283,ORA2,0.1
62,284,RCO3,R284,-1.0
128,284,MO2,R284,-1.0
142,284,R284,HO2,0.9
128,284,R284,MO2,0.9
65,284,R284,HCHO,1.0
163,284,R284,ORA2,0.1
10,285,ACTP,R285,-1.0
128,285,MO2,R285,-1.0
142,285,R285,HO2,0.5
81,285,R285,ACO3,0.5
65,285,R285,HCHO,1.5
127,285,R285,MOH,0.25
196,285,R285,ROH,0.25
163,285,R285,ORA2,0.125
112,286,MEKP,R286,-1.0
128,286,MO2,R286,-1.0
142,286,R286,HO2,0.834
65,286,R286,HCHO,1.0
68,286,R286,DCB1,0.334
127,286,R286,MOH,0.25
196,286,R286,ROH,0.25
125,287,KETP,R287,-1.0
128,287,MO2,R287,-1.0
142,287,R287,HO2,1.0
65,287,R287,HCHO,0.75
68,287,R287,DCB1,0.5
127,287,R287,MOH,0.25
196,287,R287,ROH,0.25
55,288,MACP,R288,-1.0
128,288,MO2,R288,-1.0
142,288,R288,HO2,0.5
81,288,R288,ACO3,0.269
150,288,R288,CO,0.5
65,288,R288,HCHO,1.66
163,288,R288,ORA2,0.067
128,288,R288,MO2,0.25
127,288,R288,MOH,0.25
196,288,R288,ROH,0.25
170,289,MCP,R289,-1.0
128,289,MO2,R289,-1.0
126,289,R289,NO2,1.0
142,289,R289,HO2,1.0
65,289,R289,HCHO,1.5
23,289,R289,HKET,0.5
127,289,R289,MOH,0.25
196,289,R289,ROH,0.25
80,290,MVKP,R290,-1.0
128,290,MO2,R290,-1.0
142,290,R290,HO2,1.0
81,290,R290,ACO3,1.16
176,290,R290,XO2,1.16
65,290,R290,HCHO,1.5
97,290,R290,ALD,1.75
174,290,R290,MGLY,0.5
127,290,R290,MOH,0.25
196,290,R290,ROH,0.25
163,290,R290,ORA2,0.292
149,291,UALP,R291,-1.0
128,291,MO2,R291,-1.0
142,291,R291,HO2,1.0
150,291,R291,CO,0.305
65,291,R291,HCHO,0.773
97,291,R291,ALD,0.203
53,291,R291,KET,0.525
108,291,R291,GLY,0.135
174,291,R291,MGLY,0.105
127,291,R291,MOH,0.25
196,291,R291,ROH,0.25
52,292,BALP,R292,-1.0
128,292,MO2,R292,-1.0
142,292,R292,HO2,1.0
117,292,R292,BAL1,1.0
65,292,R292,HCHO,1.0
117,293,BAL1,R293,-1.0
128,293,MO2,R293,-1.0
142,293,R293,HO2,1.0
25,293,R293,BAL2,1.0
65,293,R293,HCHO,1.0
151,294,ADDC,R294,-1.0
128,294,MO2,R294,-1.0
142,294,R294,HO2,2.0
65,294,R294,HCHO,1.0
23,294,R294,HKET,0.32
108,294,R294,GLY,0.68
159,294,R294,OP2,0.68
153,295,MCTP,R295,-1.0
128,295,MO2,R295,-1.0
142,295,R295,HO2,1.0
71,295,R295,MCTO,1.0
65,295,R295,HCHO,1.0
16,296,ORAP,R296,-1.0
128,296,MO2,R296,-1.0
65,296,R296,HCHO,1.0
142,296,R296,HO2,1.0
108,296,R296,GLY,1.0
66,297,OLNN,R297,-1.0
128,297,MO2,R297,-1.0
142,297,R297,HO2,2.0
65,297,R297,HCHO,1.0
90,297,R297,ONIT,1.0
161,298,OLND,R298,-1.0
128,298,MO2,R298,-1.0
142,298,R298,HO2,0.5
126,298,R298,NO2,0.5
65,298,R298,HCHO,0.965
97,298,R298,ALD,0.93
53,298,R298,KET,0.348
127,298,R298,MOH,0.25
196,298,R298,ROH,0.25
90,298,R298,ONIT,0.5
36,299,ADCN,R299,-1.0
128,299,MO2,R299,-1.0
142,299,R299,HO2,1.0
126,299,R299,NO2,0.7
65,299,R299,HCHO,1.0
108,299,R299,GLY,0.7
159,299,R299,OP2,0.7
90,299,R299,ONIT,0.3
176,300,XO2,R300,-1.0
128,300,MO2,R300,-1.0
142,300,R300,HO2,1.0
65,300,R300,HCHO,1.0
18,301,ETHP,R301,-1.0
81,301,ACO3,R301,-1.0
142,301,R301,HO2,0.5
128,301,R301,MO2,0.5
50,301,R301,ACD,1.0
163,301,R301,ORA2,0.5
41,302,HC3P,R302,-1.0
81,302,ACO3,R302,-1.0
142,302,R302,HO2,0.394
128,302,R302,MO2,0.58
18,302,R302,ETHP,0.026
176,302,R302,XO2,0.026
65,302,R302,HCHO,0.13
97,302,R302,ALD,0.273
53,302,R302,KET,0.662
108,302,R302,GLY,0.067
163,302,R302,ORA2,0.5
120,303,HC5P,R303,-1.0
81,303,ACO3,R303,-1.0
142,303,R303,HO2,0.342
128,303,R303,MO2,0.518
18,303,R303,ETHP,0.14
176,303,R303,XO2,0.191
65,303,R303,HCHO,0.042
97,303,R303,ALD,0.381
53,303,R303,KET,0.824
163,303,R303,ORA2,0.5
30,304,ETEP,R304,-1.0
81,304,ACO3,R304,-1.0
142,304,R304,HO2,0.5
128,304,R304,MO2,0.5
65,304,R304,HCHO,1.6
97,304,R304,ALD,0.2
163,304,R304,ORA2,0.5
88,305,OLTP,R305,-1.0
81,305,ACO3,R305,-1.0
142,305,R305,HO2,0.5
128,305,R305,MO2,0.5
65,305,R305,HCHO,1.0
97,305,R305,ALD,0.94
53,305,R305,KET,0.06
163,305,R305,ORA2,0.5
21,306,OLIP,R306,-1.0
81,306,ACO3,R306,-1.0
142,306,R306,HO2,0.5
128,306,R306,MO2,0.5
97,306,R306,ALD,1.71
53,306,R306,KET,0.29
163,306,R306,ORA2,0.5
103,307,BENP,R307,-1.0
81,307,ACO3,R307,-1.0
128,307,R307,MO2,0.7
142,307,R307,HO2,1.0
163,307,R307,ORA2,0.3
51,307,R307,BALD,0.0
108,307,R307,GLY,1.0
76,307,R307,FURANONE,0.5
34,307,R307,DCB2,0.25
189,307,R307,DCB3,0.25
131,308,TOLP,R308,-1.0
81,308,ACO3,R308,-1.0
128,308,R308,MO2,0.7
142,308,R308,HO2,0.9146
163,308,R308,ORA2,0.3
51,308,R308,BALD,0.0854
108,308,R308,GLY,0.5488
174,308,R308,MGLY,0.3659
76,308,R308,FURANONE,0.3659
68,308,R308,DCB1,0.5488
86,309,XYLP,R309,-1.0
81,309,ACO3,R309,-1.0
128,309,R309,MO2,0.7
142,309,R309,HO2,0.9518
163,309,R309,ORA2,0.3
51,309,R309,BALD,0.0482
108,309,R309,GLY,0.7043
174,309,R309,MGLY,0.2475
76,309,R309,FURANONE,0.3522
34,309,R309,DCB2,0.5996
102,310,EBZP,R310,-1.0
81,310,ACO3,R310,-1.0
128,310,R310,MO2,0.7
142,310,R310,HO2,0.9146
163,310,R310,ORA2,0.3
51,310,R310,BALD,0.0854
108,310,R310,GLY,0.5488
174,310,R310,MGLY,0.3659
76,310,R310,FURANONE,0.4573
34,310,R310,DCB2,0.4573
158,311,ISOP,R311,-1.0
81,311,ACO3,R311,-1.0
142,311,R311,HO2,0.5
128,311,R311,MO2,0.5
65,311,R311,HCHO,1.048
83,311,R311,MACR,0.219
113,311,R311,MVK,0.305
163,311,R311,ORA2,0.5
77,312,APIP1,R312,-1.0
81,312,ACO3,R312,-1.0
165,312,R312,PINAL,0.2535
97,312,R312,ALD,0.371
156,312,R312,OPB,0.091
27,312,R312,ACT,0.1165
28,312,R312,LIMAL,0.1725
65,312,R312,HCHO,0.403
142,312,R312,HO2,1.0
128,312,R312,MO2,1.0
53,312,R312,KET,0.112
193,313,APIP2,R313,-1.0
81,313,ACO3,R313,-1.0
188,313,R313,HO,0.5
128,313,R313,MO2,0.5
163,313,R313,ORA2,0.5
42,313,R313,HOM,1.0
47,314,APINP1,R314,-1.0
81,314,ACO3,R314,-1.0
126,314,R314,NO2,0.825
165,314,R314,PINAL,0.65
128,314,R314,MO2,1.0
115,314,R314,TRPN,0.175
97,314,R314,ALD,0.168
53,314,R314,KET,0.007
65,314,R314,HCHO,0.007
142,314,R314,HO2,0.175
57,315,APINP2,R315,-1.0
81,315,ACO3,R315,-1.0
126,315,R315,NO2,0.5
128,315,R315,MO2,0.5
163,315,R315,ORA2,0.5
42,315,R315,HOM,1.0
101,316,LIMP1,R316,-1.0
81,316,ACO3,R316,-1.0
28,316,R316,LIMAL,1.0
65,316,R316,HCHO,0.56
142,316,R316,HO2,1.0
128,316,R316,MO2,1.0
75,317,LIMP2,R317,-1.0
81,317,ACO3,R317,-1.0
188,317,R317,HO,0.5
128,317,R317,MO2,0.5
163,317,R317,ORA2,0.5
42,317,R317,HOM,1.0
109,318,LIMNP1,R318,-1.0
81,318,ACO3,R318,-1.0
128,318,R318,MO2,1.0
126,318,R318,NO2,0.46
28,318,R318,LIMAL,0.46
115,318,R318,TRPN,0.54
142,318,R318,HO2,0.54
32,319,LIMNP2,R319,-1.0
81,319,ACO3,R319,-1.0
128,319,R319,MO2,0.5
126,319,R319,NO2,0.5
163,319,R319,ORA2,0.5
42,319,R319,HOM,1.0
81,320,ACO3,R320,-1.0
81,320,ACO3,R320,-1.0
128,320,R320,MO2,2.0
62,321,RCO3,R321,-1.0
81,321,ACO3,R321,-1.0
128,321,R321,MO2,1.0
18,321,R321,ETHP,1.0
10,322,ACTP,R322,-1.0
81,322,ACO3,R322,-1.0
128,322,R322,MO2,0.5
81,322,R322,ACO3,0.5
65,322,R322,HCHO,1.0
163,322,R322,ORA2,0.75
112,323,MEKP,R323,-1.0
81,323,ACO3,R323,-1.0
142,323,R323,HO2,0.33
128,323,R323,MO2,0.5
65,323,R323,HCHO,0.33
68,323,R323,DCB1,0.334
163,323,R323,ORA2,0.5
125,324,KETP,R324,-1.0
81,324,ACO3,R324,-1.0
142,324,R324,HO2,0.5
128,324,R324,MO2,0.5
68,324,R324,DCB1,0.5
163,324,R324,ORA2,0.5
55,325,MACP,R325,-1.0
81,325,ACO3,R325,-1.0
163,325,R325,ORA2,0.635
128,325,R325,MO2,0.5
81,325,R325,ACO3,0.269
150,325,R325,CO,0.5
65,325,R325,HCHO,1.0
170,326,MCP,R326,-1.0
81,326,ACO3,R326,-1.0
126,326,R326,NO2,1.0
142,326,R326,HO2,0.5
65,326,R326,HCHO,1.0
23,326,R326,HKET,0.5
128,326,R326,MO2,0.5
163,326,R326,ORA2,0.5
80,327,MVKP,R327,-1.0
81,327,ACO3,R327,-1.0
142,327,R327,HO2,0.5
128,327,R327,MO2,0.5
81,327,R327,ACO3,1.16
176,327,R327,XO2,1.16
65,327,R327,HCHO,1.0
97,327,R327,ALD,2.3
174,327,R327,MGLY,0.5
163,327,R327,ORA2,1.083
149,328,UALP,R328,-1.0
81,328,ACO3,R328,-1.0
142,328,R328,HO2,0.5
128,328,R328,MO2,0.5
150,328,R328,CO,0.5
65,328,R328,HCHO,0.03
97,328,R328,ALD,0.27
53,328,R328,KET,0.7
108,328,R328,GLY,0.18
174,328,R328,MGLY,0.105
163,328,R328,ORA2,0.5
52,329,BALP,R329,-1.0
81,329,ACO3,R329,-1.0
128,329,R329,MO2,1.0
117,329,R329,BAL1,1.0
117,330,BAL1,R330,-1.0
81,330,ACO3,R330,-1.0
128,330,R330,MO2,1.0
25,330,R330,BAL2,1.0
151,331,ADDC,R331,-1.0
81,331,ACO3,R331,-1.0
142,331,R331,HO2,2.0
128,331,R331,MO2,1.0
23,331,R331,HKET,0.32
108,331,R331,GLY,0.68
159,331,R331,OP2,0.68
153,332,MCTP,R332,-1.0
81,332,ACO3,R332,-1.0
142,332,R332,HO2,1.0
128,332,R332,MO2,1.0
71,332,R332,MCTO,1.0
16,333,ORAP,R333,-1.0
81,333,ACO3,R333,-1.0
128,333,R333,MO2,1.0
108,333,R333,GLY,1.0
66,334,OLNN,R334,-1.0
81,334,ACO3,R334,-1.0
142,334,R334,HO2,1.0
128,334,R334,MO2,1.0
90,334,R334,ONIT,1.0
161,335,OLND,R335,-1.0
81,335,ACO3,R335,-1.0
128,335,R335,MO2,0.5
126,335,R335,NO2,1.0
65,335,R335,HCHO,0.287
97,335,R335,ALD,1.24
53,335,R335,KET,0.464
163,335,R335,ORA2,0.5
36,336,ADCN,R336,-1.0
81,336,ACO3,R336,-1.0
142,336,R336,HO2,1.0
128,336,R336,MO2,1.0
126,336,R336,NO2,0.7
108,336,R336,GLY,0.7
159,336,R336,OP2,0.7
90,336,R336,ONIT,0.3
176,337,XO2,R337,-1.0
81,337,ACO3,R337,-1.0
128,337,R337,MO2,1.0
62,338,RCO3,R338,-1.0
62,338,RCO3,R338,-1.0
18,338,R338,ETHP,2.0
128,339,MO2,R339,-1.0
110,339,NO3,R339,-1.0
142,339,R339,HO2,1.0
65,339,R339,HCHO,1.0
126,339,R339,NO2,1.0
18,340,ETHP,R340,-1.0
110,340,NO3,R340,-1.0
142,340,R340,HO2,1.0
126,340,R340,NO2,1.0
50,340,R340,ACD,1.0
41,341,HC3P,R341,-1.0
110,341,NO3,R341,-1.0
142,341,R341,HO2,0.254
128,341,R341,MO2,0.14
176,341,R341,XO2,0.092
18,341,R341,ETHP,0.503
126,341,R341,NO2,1.0
50,341,R341,ACD,0.519
97,341,R341,ALD,0.147
56,341,R341,MEK,0.075
27,341,R341,ACT,0.095
120,342,HC5P,R342,-1.0
110,342,NO3,R342,-1.0
142,342,R342,HO2,0.488
128,342,R342,MO2,0.055
18,342,R342,ETHP,0.28
176,342,R342,XO2,0.485
126,342,R342,NO2,1.0
65,342,R342,HCHO,0.024
97,342,R342,ALD,0.241
53,342,R342,KET,0.06
56,342,R342,MEK,0.063
27,342,R342,ACT,0.247
50,342,R342,ACD,0.048
23,342,R342,HKET,0.275
30,343,ETEP,R343,-1.0
110,343,NO3,R343,-1.0
142,343,R343,HO2,1.0
126,343,R343,NO2,1.0
65,343,R343,HCHO,1.6
97,343,R343,ALD,0.2
88,344,OLTP,R344,-1.0
110,344,NO3,R344,-1.0
97,344,R344,ALD,0.47
65,344,R344,HCHO,0.79
142,344,R344,HO2,0.79
126,344,R344,NO2,1.0
56,344,R344,MEK,0.18
50,344,R344,ACD,0.02
27,344,R344,ACT,0.09
21,345,OLIP,R345,-1.0
110,345,NO3,R345,-1.0
142,345,R345,HO2,0.86
97,345,R345,ALD,0.72
53,345,R345,KET,0.11
126,345,R345,NO2,1.0
27,345,R345,ACT,0.2
50,345,R345,ACD,0.85
23,345,R345,HKET,0.04
103,346,BENP,R346,-1.0
110,346,NO3,R346,-1.0
126,346,R346,NO2,1.0
142,346,R346,HO2,1.0
51,346,R346,BALD,0.0
108,346,R346,GLY,1.0
76,346,R346,FURANONE,0.5
34,346,R346,DCB2,0.25
189,346,R346,DCB3,0.25
131,347,TOLP,R347,-1.0
110,347,NO3,R347,-1.0
126,347,R347,NO2,1.0
142,347,R347,HO2,0.9146
51,347,R347,BALD,0.0854
108,347,R347,GLY,0.5488
174,347,R347,MGLY,0.3659
76,347,R347,FURANONE,0.3659
68,347,R347,DCB1,0.5488
86,348,XYLP,R348,-1.0
110,348,NO3,R348,-1.0
126,348,R348,NO2,1.0
142,348,R348,HO2,0.9518
51,348,R348,BALD,0.0482
108,348,R348,GLY,0.7043
174,348,R348,MGLY,0.2475
76,348,R348,FURANONE,0.3522
34,348,R348,DCB2,0.5996
102,349,EBZP,R349,-1.0
110,349,NO3,R349,-1.0
126,349,R349,NO2,1.0
142,349,R349,HO2,0.9146
51,349,R349,BALD,0.0854
108,349,R349,GLY,0.5488
174,349,R349,MGLY,0.3659
76,349,R349,FURANONE,0.4573
34,349,R349,DCB2,0.4573
158,350,ISOP,R350,-1.0
110,350,NO3,R350,-1.0
142,350,R350,HO2,1.0
126,350,R350,NO2,1.0
65,350,R350,HCHO,0.75
83,350,R350,MACR,0.318
113,350,R350,MVK,0.5
108,350,R350,GLY,0.024
23,350,R350,HKET,0.033
97,350,R350,ALD,0.031
77,351,APIP1,R351,-1.0
110,351,NO3,R351,-1.0
126,351,R351,NO2,1.0
142,351,R351,HO2,1.0
165,351,R351,PINAL,0.2535
97,351,R351,ALD,0.371
27,351,R351,ACT,0.1165
28,351,R351,LIMAL,0.1725
65,351,R351,HCHO,0.403
156,351,R351,OPB,0.091
53,351,R351,KET,0.112
101,352,LIMP1,R352,-1.0
110,352,NO3,R352,-1.0
126,352,R352,NO2,1.0
28,352,R352,LIMAL,1.0
142,352,R352,HO2,1.0
65,352,R352,HCHO,0.56
47,353,APINP1,R353,-1.0
110,353,NO3,R353,-1.0
126,353,R353,NO2,1.825
165,353,R353,PINAL,0.65
115,353,R353,TRPN,0.175
97,353,R353,ALD,0.168
53,353,R353,KET,0.007
65,353,R353,HCHO,0.007
142,353,R353,HO2,0.175
109,354,LIMNP1,R354,-1.0
110,354,NO3,R354,-1.0
126,354,R354,NO2,1.46
28,354,R354,LIMAL,0.46
115,354,R354,TRPN,0.54
142,354,R354,HO2,0.54
81,355,ACO3,R355,-1.0
110,355,NO3,R355,-1.0
128,355,R355,MO2,1.0
126,355,R355,NO2,1.0
62,356,RCO3,R356,-1.0
110,356,NO3,R356,-1.0
18,356,R356,ETHP,1.0
126,356,R356,NO2,1.0
10,357,ACTP,R357,-1.0
110,357,NO3,R357,-1.0
81,357,R357,ACO3,1.0
126,357,R357,NO2,1.0
65,357,R357,HCHO,1.0
112,358,MEKP,R358,-1.0
110,358,NO3,R358,-1.0
142,358,R358,HO2,0.67
126,358,R358,NO2,1.0
65,358,R358,HCHO,0.33
68,358,R358,DCB1,0.67
125,359,KETP,R359,-1.0
110,359,NO3,R359,-1.0
142,359,R359,HO2,1.0
126,359,R359,NO2,1.0
68,359,R359,DCB1,1.0
55,360,MACP,R360,-1.0
110,360,NO3,R360,-1.0
65,360,R360,HCHO,1.0
81,360,R360,ACO3,0.538
150,360,R360,CO,1.0
126,360,R360,NO2,1.0
170,361,MCP,R361,-1.0
110,361,NO3,R361,-1.0
126,361,R361,NO2,1.0
142,361,R361,HO2,1.0
65,361,R361,HCHO,1.0
23,361,R361,HKET,1.0
80,362,MVKP,R362,-1.0
110,362,NO3,R362,-1.0
142,362,R362,HO2,0.3
81,362,R362,ACO3,0.7
176,362,R362,XO2,0.7
126,362,R362,NO2,1.0
65,362,R362,HCHO,0.3
97,362,R362,ALD,0.7
174,362,R362,MGLY,0.3
149,363,UALP,R363,-1.0
110,363,NO3,R363,-1.0
142,363,R363,HO2,1.0
126,363,R363,NO2,1.0
150,363,R363,CO,0.61
65,363,R363,HCHO,0.03
97,363,R363,ALD,0.27
53,363,R363,KET,0.7
108,363,R363,GLY,0.18
174,363,R363,MGLY,0.21
52,364,BALP,R364,-1.0
110,364,NO3,R364,-1.0
117,364,R364,BAL1,1.0
126,364,R364,NO2,1.0
117,365,BAL1,R365,-1.0
110,365,NO3,R365,-1.0
25,365,R365,BAL2,1.0
126,365,R365,NO2,1.0
151,366,ADDC,R366,-1.0
110,366,NO3,R366,-1.0
142,366,R366,HO2,1.0
126,366,R366,NO2,1.0
23,366,R366,HKET,0.32
108,366,R366,GLY,0.68
159,366,R366,OP2,0.68
153,367,MCTP,R367,-1.0
110,367,NO3,R367,-1.0
126,367,R367,NO2,1.0
71,367,R367,MCTO,1.0
16,368,ORAP,R368,-1.0
110,368,NO3,R368,-1.0
126,368,R368,NO2,1.0
108,368,R368,GLY,1.0
142,368,R368,HO2,1.0
66,369,OLNN,R369,-1.0
110,369,NO3,R369,-1.0
142,369,R369,HO2,1.0
126,369,R369,NO2,1.0
90,369,R369,ONIT,1.0
161,370,OLND,R370,-1.0
110,370,NO3,R370,-1.0
126,370,R370,NO2,2.0
65,370,R370,HCHO,0.287
97,370,R370,ALD,1.24
53,370,R370,KET,0.464
36,371,ADCN,R371,-1.0
110,371,NO3,R371,-1.0
126,371,R371,NO2,2.0
108,371,R371,GLY,1.0
159,371,R371,OP2,1.0
66,372,OLNN,R372,-1.0
66,372,OLNN,R372,-1.0
142,372,R372,HO2,1.0
90,372,R372,ONIT,2.0
66,373,OLNN,R373,-1.0
161,373,OLND,R373,-1.0
142,373,R373,HO2,0.5
126,373,R373,NO2,0.5
65,373,R373,HCHO,0.202
97,373,R373,ALD,0.64
53,373,R373,KET,0.149
90,373,R373,ONIT,1.5
161,374,OLND,R374,-1.0
161,374,OLND,R374,-1.0
126,374,R374,NO2,1.0
65,374,R374,HCHO,0.504
97,374,R374,ALD,1.21
53,374,R374,KET,0.285
90,374,R374,ONIT,1.0
176,375,XO2,R375,-1.0
110,375,NO3,R375,-1.0
126,375,R375,NO2,1.0
176,376,XO2,R376,-1.0
62,376,RCO3,R376,-1.0
18,376,R376,ETHP,1.0
176,377,XO2,R377,-1.0
176,377,XO2,R377,-1.0
193,378,APIP2,R378,-1.0
77,378,APIP1,R378,-1.0
42,378,R378,HOM,0.96
196,378,R378,ROH,0.48
165,378,R378,PINAL,0.48
188,378,R378,HO,0.48
142,378,R378,HO2,0.48
175,378,R378,ELHOM,0.04
193,379,APIP2,R379,-1.0
101,379,LIMP1,R379,-1.0
42,379,R379,HOM,0.96
196,379,R379,ROH,0.48
28,379,R379,LIMAL,0.48
188,379,R379,HO,0.48
142,379,R379,HO2,0.48
175,379,R379,ELHOM,0.04
193,380,APIP2,R380,-1.0
158,380,ISOP,R380,-1.0
42,380,R380,HOM,0.96
196,380,R380,ROH,0.48
65,380,R380,HCHO,0.48
113,380,R380,MVK,0.48
188,380,R380,HO,0.48
142,380,R380,HO2,0.48
175,380,R380,ELHOM,0.04
75,381,LIMP2,R381,-1.0
77,381,APIP1,R381,-1.0
42,381,R381,HOM,0.96
196,381,R381,ROH,0.48
165,381,R381,PINAL,0.48
188,381,R381,HO,0.48
142,381,R381,HO2,0.48
175,381,R381,ELHOM,0.04
75,382,LIMP2,R382,-1.0
101,382,LIMP1,R382,-1.0
42,382,R382,HOM,0.96
196,382,R382,ROH,0.48
28,382,R382,LIMAL,0.48
188,382,R382,HO,0.48
142,382,R382,HO2,0.48
175,382,R382,ELHOM,0.04
75,383,LIMP2,R383,-1.0
158,383,ISOP,R383,-1.0
42,383,R383,HOM,0.96
196,383,R383,ROH,0.48
65,383,R383,HCHO,0.48
113,383,R383,MVK,0.48
188,383,R383,HO,0.48
142,383,R383,HO2,0.48
175,383,R383,ELHOM,0.04
57,384,APINP2,R384,-1.0
77,384,APIP1,R384,-1.0
42,384,R384,HOM,0.96
196,384,R384,ROH,0.48
165,384,R384,PINAL,0.48
126,384,R384,NO2,0.48
142,384,R384,HO2,0.48
175,384,R384,ELHOM,0.04
57,385,APINP2,R385,-1.0
101,385,LIMP1,R385,-1.0
42,385,R385,HOM,0.96
196,385,R385,ROH,0.48
28,385,R385,LIMAL,0.48
126,385,R385,NO2,0.48
142,385,R385,HO2,0.48
175,385,R385,ELHOM,0.04
57,386,APINP2,R386,-1.0
158,386,ISOP,R386,-1.0
42,386,R386,HOM,0.96
196,386,R386,ROH,0.48
65,386,R386,HCHO,0.48
113,386,R386,MVK,0.48
126,386,R386,NO2,0.48
142,386,R386,HO2,0.48
175,386,R386,ELHOM,0.04
32,387,LIMNP2,R387,-1.0
77,387,APIP1,R387,-1.0
42,387,R387,HOM,0.96
196,387,R387,ROH,0.48
165,387,R387,PINAL,0.48
126,387,R387,NO2,0.48
142,387,R387,HO2,0.48
175,387,R387,ELHOM,0.04
32,388,LIMNP2,R388,-1.0
101,388,LIMP1,R388,-1.0
42,388,R388,HOM,0.96
196,388,R388,ROH,0.48
28,388,R388,LIMAL,0.48
126,388,R388,NO2,0.48
142,388,R388,HO2,0.48
175,388,R388,ELHOM,0.04
32,389,LIMNP2,R389,-1.0
158,389,ISOP,R389,-1.0
42,389,R389,HOM,0.96
196,389,R389,ROH,0.48
65,389,R389,HCHO,0.48
113,389,R389,MVK,0.48
126,389,R389,NO2,0.48
142,389,R389,HO2,0.48
175,389,R389,ELHOM,0.04
98,390,IEPOX,R390,-1.0
188,390,HO,R390,-1.0
188,390,R390,HO,1.0
167,391,VROCIOXY,R391,-1.0
188,391,HO,R391,-1.0
18,391,R391,ETHP,0.852
143,391,R391,ASOATJ,0.149
29,392,SLOWROC,R392,-1.0
188,392,HO,R392,-1.0
18,392,R392,ETHP,1.0
143,392,R392,ASOATJ,0.001
180,393,ACRO,R393,-1.0
188,393,HO,R393,-1.0
55,393,R393,MACP,0.57
170,393,R393,MCP,0.43
180,394,ACRO,R394,-1.0
195,394,O3,R394,-1.0
150,394,R394,CO,0.84
142,394,R394,HO2,0.56
188,394,R394,HO,0.28
65,394,R394,HCHO,0.72
108,394,R394,GLY,0.62
180,395,ACRO,R395,-1.0
110,395,NO3,R395,-1.0
65,395,R395,HCHO,0.68
55,395,R395,MACP,0.32
176,395,R395,XO2,0.68
174,395,R395,MGLY,0.68
11,395,R395,HNO3,0.32
126,395,R395,NO2,0.68
180,396,ACRO,R396,-1.0
150,396,R396,CO,1.0
142,396,R396,HO2,0.477
54,396,R396,ETE,0.25
81,396,R396,ACO3,0.354
188,396,R396,HO,0.204
65,396,R396,HCHO,0.15
128,396,R396,MO2,0.027
37,397,BDE13,R397,-1.0
188,397,HO,R397,-1.0
94,397,R397,BDE13P,0.667
132,397,R397,UALD,0.333
142,397,R397,HO2,0.333
94,398,BDE13P,R398,-1.0
119,398,NO,R398,-1.0
142,398,R398,HO2,0.968
126,398,R398,NO2,0.968
180,398,R398,ACRO,0.895
65,398,R398,HCHO,0.895
171,398,R398,FURAN,0.072
90,398,R398,ONIT,0.032
94,399,BDE13P,R399,-1.0
110,399,NO3,R399,-1.0
142,399,R399,HO2,1.0
126,399,R399,NO2,1.0
180,399,R399,ACRO,0.925
65,399,R399,HCHO,0.925
171,399,R399,FURAN,0.075
94,400,BDE13P,R400,-1.0
142,400,HO2,R400,-1.0
159,400,R400,OP2,1.0
94,401,BDE13P,R401,-1.0
128,401,MO2,R401,-1.0
127,401,R401,MOH,0.32
65,401,R401,HCHO,1.143
142,401,R401,HO2,0.87
180,401,R401,ACRO,0.463
136,401,R401,OLT,0.25
113,401,R401,MVK,0.231
171,401,R401,FURAN,0.037
132,401,R401,UALD,0.019
94,402,BDE13P,R402,-1.0
81,402,ACO3,R402,-1.0
128,402,R402,MO2,0.7
163,402,R402,ORA2,0.3
142,402,R402,HO2,0.8
180,402,R402,ACRO,0.74
65,402,R402,HCHO,0.74
113,402,R402,MVK,0.185
171,402,R402,FURAN,0.06
132,402,R402,UALD,0.015
37,403,BDE13,R403,-1.0
195,403,O3,R403,-1.0
180,403,R403,ACRO,0.62
150,403,R403,CO,0.63
142,403,R403,HO2,0.42
188,403,R403,HO,0.08
65,403,R403,HCHO,0.83
54,403,R403,ETE,0.17
37,404,BDE13,R404,-1.0
110,404,NO3,R404,-1.0
66,404,R404,OLNN,0.9
161,404,R404,OLND,0.1
180,404,R404,ACRO,0.9
171,405,FURAN,R405,-1.0
188,405,HO,R405,-1.0
68,405,R405,DCB1,0.49
142,405,R405,HO2,0.49
60,405,R405,FURANO2,0.51
60,406,FURANO2,R406,-1.0
119,406,NO,R406,-1.0
90,406,R406,ONIT,0.08
126,406,R406,NO2,0.92
76,406,R406,FURANONE,0.92
142,406,R406,HO2,0.75
128,406,R406,MO2,0.17
60,407,FURANO2,R407,-1.0
142,407,HO2,R407,-1.0
159,407,R407,OP2,0.6
76,407,R407,FURANONE,0.4
188,407,R407,HO,0.4
142,407,R407,HO2,0.32
128,407,R407,MO2,0.08
76,408,FURANONE,R408,-1.0
188,408,HO,R408,-1.0
53,408,R408,KET,0.65
108,408,R408,GLY,0.31
142,408,R408,HO2,0.66
128,408,R408,MO2,0.34
150,408,R408,CO,0.43
143,408,R408,ASOATJ,0.04
171,409,FURAN,R409,-1.0
195,409,O3,R409,-1.0
188,409,R409,HO,0.02
97,409,R409,ALD,1.0
171,410,FURAN,R410,-1.0
110,410,NO3,R410,-1.0
126,410,R410,NO2,1.0
68,410,R410,DCB1,0.8
189,410,R410,DCB3,0.2
122,411,PROG,R411,-1.0
188,411,HO,R411,-1.0
23,411,R411,HKET,0.613
97,411,R411,ALD,0.387
142,411,R411,HO2,1.0
111,412,SESQ,R412,-1.0
110,412,NO3,R412,-1.0
141,412,R412,SESQNRO2,1.0
141,413,SESQNRO2,R413,-1.0
142,413,HO2,R413,-1.0
99,413,R413,VROCP0OXY4,1.0
141,414,SESQNRO2,R414,-1.0
119,414,NO,R414,-1.0
173,414,R414,VROCP3OXY2,1.0
126,414,R414,NO2,2.0
141,415,SESQNRO2,R415,-1.0
110,415,NO3,R415,-1.0
173,415,R415,VROCP3OXY2,1.0
126,415,R415,NO2,2.0
111,416,SESQ,R416,-1.0
195,416,O3,R416,-1.0
173,416,R416,VROCP3OXY2,0.982
74,416,R416,VROCN2OXY2,0.018
111,417,SESQ,R417,-1.0
188,417,HO,R417,-1.0
129,417,R417,SESQRO2,1.0
129,418,SESQRO2,R418,-1.0
142,418,HO2,R418,-1.0
2,418,R418,VROCP0OXY2,1.0
129,419,SESQRO2,R419,-1.0
110,419,NO3,R419,-1.0
173,419,R419,VROCP3OXY2,1.0
129,420,SESQRO2,R420,-1.0
119,420,NO,R420,-1.0
38,420,R420,VROCP1OXY3,0.247
173,420,R420,VROCP3OXY2,0.753
126,420,R420,NO2,0.753
108,421,GLY,R421,-1.0
44,421,R421,AGLYJ,1.0
174,422,MGLY,R422,-1.0
44,422,R422,AGLYJ,1.0
178,423,N2O5,R423,-1.0
11,423,R423,HNO3,2.0
126,424,NO2,R424,-1.0
184,424,R424,HONO,0.5
11,424,R424,HNO3,0.5
142,425,HO2,R425,-1.0
22,425,R425,H2O,1.0
110,426,NO3,R426,-1.0
11,426,R426,HNO3,1.0
195,427,O3,R427,-1.0
98,428,IEPOX,R428,-1.0
194,428,R428,IEPOXP,1.0
194,429,IEPOXP,R429,-1.0
6,429,R429,AISO3NOSJ,1.0
194,430,IEPOXP,R430,-1.0
107,430,ASO4J,R430,-1.0
31,430,R430,AISO3OSJ,1.0
114,431,IPX,R431,-1.0
79,431,R431,AISO4J,1.0
100,432,INALD,R432,-1.0
104,432,R432,AISO5J,1.0
11,432,R432,HNO3,1.0
82,433,VROCP6ALK,R433,-1.0
188,433,HO,R433,-1.0
192,433,R433,VROCP6ALKP,1.0
190,434,VROCP5ALK,R434,-1.0
188,434,HO,R434,-1.0
58,434,R434,VROCP5ALKP,1.0
96,435,VROCP4ALK,R435,-1.0
188,435,HO,R435,-1.0
17,435,R435,VROCP4ALKP,1.0
169,436,VROCP3ALK,R436,-1.0
188,436,HO,R436,-1.0
124,436,R436,VROCP3ALKP,1.0
12,437,VROCP2ALK,R437,-1.0
188,437,HO,R437,-1.0
166,437,R437,VROCP2ALKP,1.0
87,438,VROCP1ALK,R438,-1.0
188,438,HO,R438,-1.0
177,438,R438,VROCP1ALKP,1.0
152,439,HC10,R439,-1.0
188,439,HO,R439,-1.0
85,439,R439,HC10P,1.0
192,440,VROCP6ALKP,R440,-1.0
119,440,NO,R440,-1.0
118,440,R440,VROCP6ALKP2,0.72
69,440,R440,VROCP4OXY2,0.28
126,440,R440,NO2,0.72
58,441,VROCP5ALKP,R441,-1.0
119,441,NO,R441,-1.0
185,441,R441,VROCP5ALKP2,0.72
173,441,R441,VROCP3OXY2,0.28
126,441,R441,NO2,0.72
17,442,VROCP4ALKP,R442,-1.0
119,442,NO,R442,-1.0
144,442,R442,VROCP4ALKP2,0.72
73,442,R442,VROCP2OXY2,0.28
126,442,R442,NO2,0.72
124,443,VROCP3ALKP,R443,-1.0
119,443,NO,R443,-1.0
43,443,R443,VROCP3ALKP2,0.72
123,443,R443,VROCP1OXY1,0.28
126,443,R443,NO2,0.72
166,444,VROCP2ALKP,R444,-1.0
119,444,NO,R444,-1.0
147,444,R444,VROCP2ALKP2,0.72
2,444,R444,VROCP0OXY2,0.28
126,444,R444,NO2,0.72
177,445,VROCP1ALKP,R445,-1.0
119,445,NO,R445,-1.0
106,445,R445,VROCP1ALKP2,0.72
95,445,R445,VROCN1OXY1,0.28
126,445,R445,NO2,0.72
85,446,HC10P,R446,-1.0
119,446,NO,R446,-1.0
135,446,R446,HC10P2,0.74
90,446,R446,ONIT,0.26
126,446,R446,NO2,0.74
192,447,VROCP6ALKP,R447,-1.0
110,447,NO3,R447,-1.0
118,447,R447,VROCP6ALKP2,1.0
126,447,R447,NO2,1.0
58,448,VROCP5ALKP,R448,-1.0
110,448,NO3,R448,-1.0
185,448,R448,VROCP5ALKP2,1.0
126,448,R448,NO2,1.0
17,449,VROCP4ALKP,R449,-1.0
110,449,NO3,R449,-1.0
144,449,R449,VROCP4ALKP2,1.0
126,449,R449,NO2,1.0
124,450,VROCP3ALKP,R450,-1.0
110,450,NO3,R450,-1.0
43,450,R450,VROCP3ALKP2,1.0
126,450,R450,NO2,1.0
166,451,VROCP2ALKP,R451,-1.0
110,451,NO3,R451,-1.0
147,451,R451,VROCP2ALKP2,1.0
126,451,R451,NO2,1.0
177,452,VROCP1ALKP,R452,-1.0
110,452,NO3,R452,-1.0
106,452,R452,VROCP1ALKP2,1.0
126,452,R452,NO2,1.0
85,453,HC10P,R453,-1.0
110,453,NO3,R453,-1.0
135,453,R453,HC10P2,1.0
126,453,R453,NO2,1.0
192,454,VROCP6ALKP,R454,-1.0
142,454,HO2,R454,-1.0
173,454,R454,VROCP3OXY2,1.0
58,455,VROCP5ALKP,R455,-1.0
142,455,HO2,R455,-1.0
73,455,R455,VROCP2OXY2,1.0
17,456,VROCP4ALKP,R456,-1.0
142,456,HO2,R456,-1.0
123,456,R456,VROCP1OXY1,1.0
124,457,VROCP3ALKP,R457,-1.0
142,457,HO2,R457,-1.0
2,457,R457,VROCP0OXY2,1.0
166,458,VROCP2ALKP,R458,-1.0
142,458,HO2,R458,-1.0
95,458,R458,VROCN1OXY1,1.0
177,459,VROCP1ALKP,R459,-1.0
142,459,HO2,R459,-1.0
74,459,R459,VROCN2OXY2,1.0
85,460,HC10P,R460,-1.0
142,460,HO2,R460,-1.0
159,460,R460,OP2,1.0
118,461,VROCP6ALKP2,R461,-1.0
142,461,R461,HO2,1.0
173,461,R461,VROCP3OXY2,1.0
185,462,VROCP5ALKP2,R462,-1.0
142,462,R462,HO2,1.0
73,462,R462,VROCP2OXY2,1.0
144,463,VROCP4ALKP2,R463,-1.0
142,463,R463,HO2,1.0
123,463,R463,VROCP1OXY1,1.0
43,464,VROCP3ALKP2,R464,-1.0
142,464,R464,HO2,1.0
2,464,R464,VROCP0OXY2,1.0
147,465,VROCP2ALKP2,R465,-1.0
142,465,R465,HO2,1.0
95,465,R465,VROCN1OXY1,1.0
106,466,VROCP1ALKP2,R466,-1.0
142,466,R466,HO2,1.0
74,466,R466,VROCN2OXY2,1.0
135,467,HC10P2,R467,-1.0
142,467,R467,HO2,1.0
69,467,R467,VROCP4OXY2,1.0
118,468,VROCP6ALKP2,R468,-1.0
119,468,NO,R468,-1.0
73,468,R468,VROCP2OXY2,0.14
126,468,R468,NO2,0.86
173,468,R468,VROCP3OXY2,0.86
142,468,R468,HO2,0.86
185,469,VROCP5ALKP2,R469,-1.0
119,469,NO,R469,-1.0
38,469,R469,VROCP1OXY3,0.14
126,469,R469,NO2,0.86
73,469,R469,VROCP2OXY2,0.86
142,469,R469,HO2,0.86
144,470,VROCP4ALKP2,R470,-1.0
119,470,NO,R470,-1.0
2,470,R470,VROCP0OXY2,0.14
126,470,R470,NO2,0.86
123,470,R470,VROCP1OXY1,0.86
142,470,R470,HO2,0.86
43,471,VROCP3ALKP2,R471,-1.0
119,471,NO,R471,-1.0
95,471,R471,VROCN1OXY1,0.14
126,471,R471,NO2,0.86
2,471,R471,VROCP0OXY2,0.86
142,471,R471,HO2,0.86
147,472,VROCP2ALKP2,R472,-1.0
119,472,NO,R472,-1.0
74,472,R472,VROCN2OXY2,0.14
126,472,R472,NO2,0.86
95,472,R472,VROCN1OXY1,0.86
142,472,R472,HO2,0.86
106,473,VROCP1ALKP2,R473,-1.0
119,473,NO,R473,-1.0
74,473,R473,VROCN2OXY2,1.0
126,473,R473,NO2,0.86
142,473,R473,HO2,0.86
135,474,HC10P2,R474,-1.0
119,474,NO,R474,-1.0
90,474,R474,ONIT,0.12
126,474,R474,NO2,0.88
53,474,R474,KET,0.88
142,474,R474,HO2,0.88
118,475,VROCP6ALKP2,R475,-1.0
110,475,NO3,R475,-1.0
126,475,R475,NO2,1.0
173,475,R475,VROCP3OXY2,1.0
142,475,R475,HO2,1.0
185,476,VROCP5ALKP2,R476,-1.0
110,476,NO3,R476,-1.0
126,476,R476,NO2,1.0
73,476,R476,VROCP2OXY2,1.0
142,476,R476,HO2,1.0
144,477,VROCP4ALKP2,R477,-1.0
110,477,NO3,R477,-1.0
126,477,R477,NO2,1.0
123,477,R477,VROCP1OXY1,1.0
142,477,R477,HO2,1.0
43,478,VROCP3ALKP2,R478,-1.0
110,478,NO3,R478,-1.0
126,478,R478,NO2,1.0
2,478,R478,VROCP0OXY2,1.0
142,478,R478,HO2,1.0
147,479,VROCP2ALKP2,R479,-1.0
110,479,NO3,R479,-1.0
126,479,R479,NO2,1.0
95,479,R479,VROCN1OXY1,1.0
142,479,R479,HO2,1.0
106,480,VROCP1ALKP2,R480,-1.0
110,480,NO3,R480,-1.0
126,480,R480,NO2,1.0
74,480,R480,VROCN2OXY2,1.0
142,480,R480,HO2,1.0
135,481,HC10P2,R481,-1.0
110,481,NO3,R481,-1.0
126,481,R481,NO2,1.0
53,481,R481,KET,1.0
142,481,R481,HO2,1.0
118,482,VROCP6ALKP2,R482,-1.0
142,482,HO2,R482,-1.0
38,482,R482,VROCP1OXY3,1.0
185,483,VROCP5ALKP2,R483,-1.0
142,483,HO2,R483,-1.0
2,483,R483,VROCP0OXY2,1.0
144,484,VROCP4ALKP2,R484,-1.0
142,484,HO2,R484,-1.0
95,484,R484,VROCN1OXY1,1.0
43,485,VROCP3ALKP2,R485,-1.0
142,485,HO2,R485,-1.0
74,485,R485,VROCN2OXY2,1.0
147,486,VROCP2ALKP2,R486,-1.0
142,486,HO2,R486,-1.0
74,486,R486,VROCN2OXY2,1.0
106,487,VROCP1ALKP2,R487,-1.0
142,487,HO2,R487,-1.0
74,487,R487,VROCN2OXY2,1.0
135,488,HC10P2,R488,-1.0
142,488,HO2,R488,-1.0
73,488,R488,VROCP2OXY2,1.0
154,489,VROCP6ARO,R489,-1.0
188,489,HO,R489,-1.0
9,489,R489,VROCP6AROP,0.84
142,489,R489,HO2,0.16
69,489,R489,VROCP4OXY2,0.16
9,490,VROCP6AROP,R490,-1.0
142,490,HO2,R490,-1.0
69,490,R490,VROCP4OXY2,0.0595
38,490,R490,VROCP1OXY3,0.9048
182,490,R490,VROCN2OXY4,0.0357
9,491,VROCP6AROP,R491,-1.0
119,491,NO,R491,-1.0
69,491,R491,VROCP4OXY2,0.0001
73,491,R491,VROCP2OXY2,0.0018
5,491,R491,VROCN1OXY3,0.0001
126,491,R491,NO2,0.998
142,491,R491,HO2,0.998
51,491,R491,BALD,0.0594
108,491,R491,GLY,0.4693
174,491,R491,MGLY,0.4693
76,491,R491,FURANONE,0.4693
34,491,R491,DCB2,0.4693
9,492,VROCP6AROP,R492,-1.0
110,492,NO3,R492,-1.0
126,492,R492,NO2,1.0
142,492,R492,HO2,0.9405
51,492,R492,BALD,0.0595
108,492,R492,GLY,0.4702
174,492,R492,MGLY,0.4702
76,492,R492,FURANONE,0.4702
34,492,R492,DCB2,0.4702
9,493,VROCP6AROP,R493,-1.0
128,493,MO2,R493,-1.0
65,493,R493,HCHO,0.68
142,493,R493,HO2,1.3105
127,493,R493,MOH,0.32
51,493,R493,BALD,0.0595
108,493,R493,GLY,0.4702
174,493,R493,MGLY,0.4702
76,493,R493,FURANONE,0.4702
34,493,R493,DCB2,0.4702
9,494,VROCP6AROP,R494,-1.0
81,494,ACO3,R494,-1.0
128,494,R494,MO2,0.7
142,494,R494,HO2,0.9405
163,494,R494,ORA2,0.3
51,494,R494,BALD,0.0595
108,494,R494,GLY,0.4702
174,494,R494,MGLY,0.4702
76,494,R494,FURANONE,0.4702
34,494,R494,DCB2,0.4702
91,495,VROCP5ARO,R495,-1.0
188,495,HO,R495,-1.0
8,495,R495,VROCP5AROP,0.84
142,495,R495,HO2,0.16
173,495,R495,VROCP3OXY2,0.16
8,496,VROCP5AROP,R496,-1.0
142,496,HO2,R496,-1.0
173,496,R496,VROCP3OXY2,0.0595
2,496,R496,VROCP0OXY2,0.9048
182,496,R496,VROCN2OXY4,0.0357
8,497,VROCP5AROP,R497,-1.0
119,497,NO,R497,-1.0
173,497,R497,VROCP3OXY2,0.0001
38,497,R497,VROCP1OXY3,0.0018
182,497,R497,VROCN2OXY4,0.0001
126,497,R497,NO2,0.998
142,497,R497,HO2,0.998
69,497,R497,VROCP4OXY2,0.0594
108,497,R497,GLY,0.4693
174,497,R497,MGLY,0.4693
76,497,R497,FURANONE,0.4693
34,497,R497,DCB2,0.4693
8,498,VROCP5AROP,R498,-1.0
110,498,NO3,R498,-1.0
126,498,R498,NO2,1.0
142,498,R498,HO2,0.9405
69,498,R498,VROCP4OXY2,0.0595
108,498,R498,GLY,0.4702
174,498,R498,MGLY,0.4702
76,498,R498,FURANONE,0.4702
34,498,R498,DCB2,0.4702
8,499,VROCP5AROP,R499,-1.0
128,499,MO2,R499,-1.0
65,499,R499,HCHO,0.68
142,499,R499,HO2,1.3105
127,499,R499,MOH,0.32
69,499,R499,VROCP4OXY2,0.0595
108,499,R499,GLY,0.4702
174,499,R499,MGLY,0.4702
76,499,R499,FURANONE,0.4702
34,499,R499,DCB2,0.4702
8,500,VROCP5AROP,R500,-1.0
81,500,ACO3,R500,-1.0
128,500,R500,MO2,0.7
142,500,R500,HO2,0.9405
163,500,R500,ORA2,0.3
69,500,R500,VROCP4OXY2,0.0595
108,500,R500,GLY,0.4702
174,500,R500,MGLY,0.4702
76,500,R500,FURANONE,0.4702
34,500,R500,DCB2,0.4702
155,501,NAPH,R501,-1.0
188,501,HO,R501,-1.0
61,501,R501,NAPHP,0.84
142,501,R501,HO2,0.16
173,501,R501,VROCP3OXY2,0.16
61,502,NAPHP,R502,-1.0
142,502,HO2,R502,-1.0
173,502,R502,VROCP3OXY2,0.0595
38,502,R502,VROCP1OXY3,0.9048
40,502,R502,VROCN2OXY8,0.0357
61,503,NAPHP,R503,-1.0
119,503,NO,R503,-1.0
69,503,R503,VROCP4OXY2,0.0595
73,503,R503,VROCP2OXY2,0.0018
40,503,R503,VROCN2OXY8,0.0001
126,503,R503,NO2,0.998
142,503,R503,HO2,0.998
108,503,R503,GLY,0.4693
174,503,R503,MGLY,0.4693
76,503,R503,FURANONE,0.4693
34,503,R503,DCB2,0.4693
61,504,NAPHP,R504,-1.0
110,504,NO3,R504,-1.0
126,504,R504,NO2,1.0
142,504,R504,HO2,0.9405
69,504,R504,VROCP4OXY2,0.0595
108,504,R504,GLY,0.4702
174,504,R504,MGLY,0.4702
76,504,R504,FURANONE,0.4702
34,504,R504,DCB2,0.4702
61,505,NAPHP,R505,-1.0
128,505,MO2,R505,-1.0
65,505,R505,HCHO,0.68
142,505,R505,HO2,1.3105
127,505,R505,MOH,0.32
69,505,R505,VROCP4OXY2,0.0595
108,505,R505,GLY,0.4702
174,505,R505,MGLY,0.4702
76,505,R505,FURANONE,0.4702
34,505,R505,DCB2,0.4702
61,506,NAPHP,R506,-1.0
81,506,ACO3,R506,-1.0
128,506,R506,MO2,0.7
142,506,R506,HO2,0.9405
163,506,R506,ORA2,0.3
69,506,R506,VROCP4OXY2,0.0595
108,506,R506,GLY,0.4702
174,506,R506,MGLY,0.4702
76,506,R506,FURANONE,0.4702
34,506,R506,DCB2,0.4702
40,507,VROCN2OXY8,R507,-1.0
188,507,HO,R507,-1.0
188,507,R507,HO,1.0
40,507,R507,VROCN2OXY8,0.0854
68,507,R507,DCB1,0.2581
56,507,R507,MEK,0.2581
50,507,R507,ACD,0.2581
97,507,R507,ALD,0.2581
128,507,R507,MO2,0.2581
18,507,R507,ETHP,0.2581
41,507,R507,HC3P,0.2581
112,507,R507,MEKP,0.2581
182,508,VROCN2OXY4,R508,-1.0
188,508,HO,R508,-1.0
188,508,R508,HO,1.0
40,508,R508,VROCN2OXY8,0.464
182,508,R508,VROCN2OXY4,0.1977
157,508,R508,VROCN1OXY6,0.0121
5,508,R508,VROCN1OXY3,0.0152
99,508,R508,VROCP0OXY4,0.0624
38,508,R508,VROCP1OXY3,0.0388
73,508,R508,VROCP2OXY2,0.0491
173,508,R508,VROCP3OXY2,0.0398
69,508,R508,VROCP4OXY2,0.0183
139,508,R508,OP3,0.0308
159,508,R508,OP2,0.004
68,508,R508,DCB1,0.0794
56,508,R508,MEK,0.0794
53,508,R508,KET,0.0794
50,508,R508,ACD,0.0794
97,508,R508,ALD,0.0794
128,508,R508,MO2,0.0794
18,508,R508,ETHP,0.0794
41,508,R508,HC3P,0.0794
112,508,R508,MEKP,0.0794
120,508,R508,HC5P,0.0794
125,508,R508,KETP,0.0794
74,509,VROCN2OXY2,R509,-1.0
188,509,HO,R509,-1.0
188,509,R509,HO,1.0
40,509,R509,VROCN2OXY8,0.1041
182,509,R509,VROCN2OXY4,0.5638
74,509,R509,VROCN2OXY2,0.2141
157,509,R509,VROCN1OXY6,0.0153
5,509,R509,VROCN1OXY3,0.0298
95,509,R509,VROCN1OXY1,0.0096
99,509,R509,VROCP0OXY4,0.0189
2,509,R509,VROCP0OXY2,0.0456
38,509,R509,VROCP1OXY3,0.0314
123,509,R509,VROCP1OXY1,0.0199
73,509,R509,VROCP2OXY2,0.0459
173,509,R509,VROCP3OXY2,0.0452
69,509,R509,VROCP4OXY2,0.0455
162,509,R509,VROCP5OXY1,0.0325
39,509,R509,VROCP6OXY1,0.0369
139,509,R509,OP3,0.0026
68,509,R509,DCB1,0.039
23,509,R509,HKET,0.039
56,509,R509,MEK,0.039
50,509,R509,ACD,0.039
97,509,R509,ALD,0.039
128,509,R509,MO2,0.039
18,509,R509,ETHP,0.039
41,509,R509,HC3P,0.039
112,509,R509,MEKP,0.039
120,509,R509,HC5P,0.0925
157,510,VROCN1OXY6,R510,-1.0
188,510,HO,R510,-1.0
188,510,R510,HO,1.0
40,510,R510,VROCN2OXY8,0.2036
182,510,R510,VROCN2OXY4,0.0071
68,510,R510,DCB1,0.184
56,510,R510,MEK,0.184
53,510,R510,KET,0.184
50,510,R510,ACD,0.184
97,510,R510,ALD,0.184
128,510,R510,MO2,0.184
18,510,R510,ETHP,0.184
41,510,R510,HC3P,0.184
112,510,R510,MEKP,0.184
120,510,R510,HC5P,0.184
5,511,VROCN1OXY3,R511,-1.0
188,511,HO,R511,-1.0
188,511,R511,HO,1.0
40,511,R511,VROCN2OXY8,0.2792
182,511,R511,VROCN2OXY4,0.4025
74,511,R511,VROCN2OXY2,0.0088
157,511,R511,VROCN1OXY6,0.0319
5,511,R511,VROCN1OXY3,0.0076
99,511,R511,VROCP0OXY4,0.0194
2,511,R511,VROCP0OXY2,0.0104
38,511,R511,VROCP1OXY3,0.051
123,511,R511,VROCP1OXY1,0.0075
73,511,R511,VROCP2OXY2,0.0512
173,511,R511,VROCP3OXY2,0.0462
69,511,R511,VROCP4OXY2,0.0512
162,511,R511,VROCP5OXY1,0.0138
159,511,R511,OP2,0.0135
68,511,R511,DCB1,0.0646
23,511,R511,HKET,0.0646
56,511,R511,MEK,0.0646
50,511,R511,ACD,0.0646
97,511,R511,ALD,0.0646
128,511,R511,MO2,0.0646
18,511,R511,ETHP,0.0646
41,511,R511,HC3P,0.0646
112,511,R511,MEKP,0.0646
120,511,R511,HC5P,0.1753
95,512,VROCN1OXY1,R512,-1.0
188,512,HO,R512,-1.0
188,512,R512,HO,1.0
40,512,R512,VROCN2OXY8,0.0074
182,512,R512,VROCN2OXY4,0.119
74,512,R512,VROCN2OXY2,0.7261
157,512,R512,VROCN1OXY6,0.0122
5,512,R512,VROCN1OXY3,0.0305
95,512,R512,VROCN1OXY1,0.007
99,512,R512,VROCP0OXY4,0.0291
2,512,R512,VROCP0OXY2,0.0454
38,512,R512,VROCP1OXY3,0.0234
123,512,R512,VROCP1OXY1,0.0352
73,512,R512,VROCP2OXY2,0.0624
173,512,R512,VROCP3OXY2,0.0518
69,512,R512,VROCP4OXY2,0.0509
162,512,R512,VROCP5OXY1,0.0347
39,512,R512,VROCP6OXY1,0.0748
139,512,R512,OP3,0.0163
159,512,R512,OP2,0.0062
68,512,R512,DCB1,0.0244
23,512,R512,HKET,0.0244
56,512,R512,MEK,0.0244
50,512,R512,ACD,0.0244
97,512,R512,ALD,0.0244
128,512,R512,MO2,0.0244
18,512,R512,ETHP,0.0244
41,512,R512,HC3P,0.0244
112,512,R512,MEKP,0.0244
120,512,R512,HC5P,0.0537
99,513,VROCP0OXY4,R513,-1.0
188,513,HO,R513,-1.0
188,513,R513,HO,1.0
40,513,R513,VROCN2OXY8,0.2822
182,513,R513,VROCN2OXY4,0.1165
157,513,R513,VROCN1OXY6,0.032
5,513,R513,VROCN1OXY3,0.0183
99,513,R513,VROCP0OXY4,0.0011
73,513,R513,VROCP2OXY2,0.066
173,513,R513,VROCP3OXY2,0.0535
69,513,R513,VROCP4OXY2,0.0246
159,513,R513,OP2,0.0054
68,513,R513,DCB1,0.1068
56,513,R513,MEK,0.1068
53,513,R513,KET,0.1068
50,513,R513,ACD,0.1068
97,513,R513,ALD,0.1068
128,513,R513,MO2,0.1068
18,513,R513,ETHP,0.1068
41,513,R513,HC3P,0.1068
112,513,R513,MEKP,0.1068
120,513,R513,HC5P,0.1068
125,513,R513,KETP,0.1068
2,514,VROCP0OXY2,R514,-1.0
188,514,HO,R514,-1.0
188,514,R514,HO,1.0
40,514,R514,VROCN2OXY8,0.0659
182,514,R514,VROCN2OXY4,0.4579
74,514,R514,VROCN2OXY2,0.1156
157,514,R514,VROCN1OXY6,0.0325
5,514,R514,VROCN1OXY3,0.0657
95,514,R514,VROCN1OXY1,0.0046
99,514,R514,VROCP0OXY4,0.0307
2,514,R514,VROCP0OXY2,0.0024
38,514,R514,VROCP1OXY3,0.0395
123,514,R514,VROCP1OXY1,0.0215
73,514,R514,VROCP2OXY2,0.0539
173,514,R514,VROCP3OXY2,0.0516
69,514,R514,VROCP4OXY2,0.0519
162,514,R514,VROCP5OXY1,0.0371
39,514,R514,VROCP6OXY1,0.0421
139,514,R514,OP3,0.0105
68,514,R514,DCB1,0.0445
23,514,R514,HKET,0.0445
56,514,R514,MEK,0.0445
50,514,R514,ACD,0.0445
97,514,R514,ALD,0.0445
128,514,R514,MO2,0.0445
18,514,R514,ETHP,0.0445
41,514,R514,HC3P,0.0445
112,514,R514,MEKP,0.0445
120,514,R514,HC5P,0.1055
38,515,VROCP1OXY3,R515,-1.0
188,515,HO,R515,-1.0
188,515,R515,HO,1.0
40,515,R515,VROCN2OXY8,0.1778
182,515,R515,VROCN2OXY4,0.1924
74,515,R515,VROCN2OXY2,0.0004
157,515,R515,VROCN1OXY6,0.074
5,515,R515,VROCN1OXY3,0.0452
99,515,R515,VROCP0OXY4,0.0631
2,515,R515,VROCP0OXY2,0.0007
38,515,R515,VROCP1OXY3,0.0006
73,515,R515,VROCP2OXY2,0.0227
173,515,R515,VROCP3OXY2,0.0585
69,515,R515,VROCP4OXY2,0.0649
162,515,R515,VROCP5OXY1,0.0174
139,515,R515,OP3,0.0154
159,515,R515,OP2,0.017
68,515,R515,DCB1,0.0818
23,515,R515,HKET,0.0818
56,515,R515,MEK,0.0818
50,515,R515,ACD,0.0818
97,515,R515,ALD,0.0818
128,515,R515,MO2,0.0818
18,515,R515,ETHP,0.0818
41,515,R515,HC3P,0.0818
112,515,R515,MEKP,0.0818
120,515,R515,HC5P,0.222
123,516,VROCP1OXY1,R516,-1.0
188,516,HO,R516,-1.0
188,516,R516,HO,1.0
40,516,R516,VROCN2OXY8,0.0023
182,516,R516,VROCN2OXY4,0.134
74,516,R516,VROCN2OXY2,0.3349
157,516,R516,VROCN1OXY6,0.008
5,516,R516,VROCN1OXY3,0.1193
95,516,R516,VROCN1OXY1,0.0758
99,516,R516,VROCP0OXY4,0.0292
2,516,R516,VROCP0OXY2,0.0766
38,516,R516,VROCP1OXY3,0.0277
123,516,R516,VROCP1OXY1,0.0118
73,516,R516,VROCP2OXY2,0.0651
173,516,R516,VROCP3OXY2,0.0709
69,516,R516,VROCP4OXY2,0.0668
162,516,R516,VROCP5OXY1,0.0423
39,516,R516,VROCP6OXY1,0.0911
139,516,R516,OP3,0.0066
159,516,R516,OP2,0.0025
68,516,R516,DCB1,0.0297
23,516,R516,HKET,0.0297
56,516,R516,MEK,0.0297
50,516,R516,ACD,0.0297
97,516,R516,ALD,0.0297
128,516,R516,MO2,0.0297
18,516,R516,ETHP,0.0297
41,516,R516,HC3P,0.0297
112,516,R516,MEKP,0.0297
120,516,R516,HC5P,0.0654
73,517,VROCP2OXY2,R517,-1.0
188,517,HO,R517,-1.0
188,517,R517,HO,1.0
40,517,R517,VROCN2OXY8,0.0445
182,517,R517,VROCN2OXY4,0.1726
74,517,R517,VROCN2OXY2,0.0104
157,517,R517,VROCN1OXY6,0.0513
5,517,R517,VROCN1OXY3,0.1118
95,517,R517,VROCN1OXY1,0.0013
99,517,R517,VROCP0OXY4,0.1337
2,517,R517,VROCP0OXY2,0.0403
38,517,R517,VROCP1OXY3,0.0511
123,517,R517,VROCP1OXY1,0.0068
73,517,R517,VROCP2OXY2,0.0236
173,517,R517,VROCP3OXY2,0.0293
69,517,R517,VROCP4OXY2,0.0733
162,517,R517,VROCP5OXY1,0.0523
39,517,R517,VROCP6OXY1,0.0595
139,517,R517,OP3,0.0041
159,517,R517,OP2,0.0023
68,517,R517,DCB1,0.0628
23,517,R517,HKET,0.0628
56,517,R517,MEK,0.0628
50,517,R517,ACD,0.0628
97,517,R517,ALD,0.0628
128,517,R517,MO2,0.0628
18,517,R517,ETHP,0.0628
41,517,R517,HC3P,0.0628
112,517,R517,MEKP,0.0628
120,517,R517,HC5P,0.1489
173,518,VROCP3OXY2,R518,-1.0
188,518,HO,R518,-1.0
188,518,R518,HO,1.0
40,518,R518,VROCN2OXY8,0.0317
182,518,R518,VROCN2OXY4,0.0765
74,518,R518,VROCN2OXY2,0.0009
157,518,R518,VROCN1OXY6,0.0526
5,518,R518,VROCN1OXY3,0.0489
99,518,R518,VROCP0OXY4,0.155
2,518,R518,VROCP0OXY2,0.0155
38,518,R518,VROCP1OXY3,0.1051
123,518,R518,VROCP1OXY1,0.0013
73,518,R518,VROCP2OXY2,0.0535
173,518,R518,VROCP3OXY2,0.0086
69,518,R518,VROCP4OXY2,0.0426
162,518,R518,VROCP5OXY1,0.0582
39,518,R518,VROCP6OXY1,0.0661
139,518,R518,OP3,0.0506
159,518,R518,OP2,0.0114
68,518,R518,DCB1,0.0698
23,518,R518,HKET,0.0698
56,518,R518,MEK,0.0698
50,518,R518,ACD,0.0698
97,518,R518,ALD,0.0698
128,518,R518,MO2,0.0698
18,518,R518,ETHP,0.0698
41,518,R518,HC3P,0.0698
112,518,R518,MEKP,0.0698
120,518,R518,HC5P,0.1656
69,519,VROCP4OXY2,R519,-1.0
188,519,HO,R519,-1.0
188,519,R519,HO,1.0
40,519,R519,VROCN2OXY8,0.0117
182,519,R519,VROCN2OXY4,0.0167
157,519,R519,VROCN1OXY6,0.048
5,519,R519,VROCN1OXY3,0.0246
99,519,R519,VROCP0OXY4,0.0881
38,519,R519,VROCP1OXY3,0.0916
123,519,R519,VROCP1OXY1,0.0073
73,519,R519,VROCP2OXY2,0.0972
173,519,R519,VROCP3OXY2,0.0456
69,519,R519,VROCP4OXY2,0.0024
162,519,R519,VROCP5OXY1,0.0479
39,519,R519,VROCP6OXY1,0.0745
139,519,R519,OP3,0.0607
159,519,R519,OP2,0.0155
68,519,R519,DCB1,0.0786
23,519,R519,HKET,0.0786
56,519,R519,MEK,0.0786
50,519,R519,ACD,0.0786
97,519,R519,ALD,0.0786
128,519,R519,MO2,0.0786
18,519,R519,ETHP,0.0786
41,519,R519,HC3P,0.0786
112,519,R519,MEKP,0.0786
120,519,R519,HC5P,0.173
162,520,VROCP5OXY1,R520,-1.0
188,520,HO,R520,-1.0
188,520,R520,HO,1.0
182,520,R520,VROCN2OXY4,0.0103
74,520,R520,VROCN2OXY2,0.0006
157,520,R520,VROCN1OXY6,0.009
5,520,R520,VROCN1OXY3,0.0146
99,520,R520,VROCP0OXY4,0.0702
2,520,R520,VROCP0OXY2,0.0153
38,520,R520,VROCP1OXY3,0.1038
123,520,R520,VROCP1OXY1,0.0031
73,520,R520,VROCP2OXY2,0.165
173,520,R520,VROCP3OXY2,0.1566
69,520,R520,VROCP4OXY2,0.0724
162,520,R520,VROCP5OXY1,0.0062
39,520,R520,VROCP6OXY1,0.1398
139,520,R520,OP3,0.0216
159,520,R520,OP2,0.0384
68,520,R520,DCB1,0.0526
23,520,R520,HKET,0.0526
56,520,R520,MEK,0.0526
50,520,R520,ACD,0.0526
97,520,R520,ALD,0.0526
128,520,R520,MO2,0.0526
18,520,R520,ETHP,0.0526
41,520,R520,HC3P,0.0526
112,520,R520,MEKP,0.0526
120,520,R520,HC5P,0.128
39,521,VROCP6OXY1,R521,-1.0
188,521,HO,R521,-1.0
188,521,R521,HO,1.0
157,521,R521,VROCN1OXY6,0.0061
5,521,R521,VROCN1OXY3,0.0049
99,521,R521,VROCP0OXY4,0.0224
38,521,R521,VROCP1OXY3,0.0503
123,521,R521,VROCP1OXY1,0.0022
73,521,R521,VROCP2OXY2,0.0879
173,521,R521,VROCP3OXY2,0.1384
69,521,R521,VROCP4OXY2,0.1463
162,521,R521,VROCP5OXY1,0.0432
39,521,R521,VROCP6OXY1,0.0957
139,521,R521,OP3,0.0316
159,521,R521,OP2,0.0585
68,521,R521,DCB1,0.0571
23,521,R521,HKET,0.0571
56,521,R521,MEK,0.0571
50,521,R521,ACD,0.0571
97,521,R521,ALD,0.0571
128,521,R521,MO2,0.0571
18,521,R521,ETHP,0.0571
41,521,R521,HC3P,0.0571
112,521,R521,MEKP,0.0571
120,521,R521,HC5P,0.1544
139,522,OP3,R522,-1.0
188,522,HO,R522,-1.0
188,522,R522,HO,1.0
40,522,R522,VROCN2OXY8,0.1188
182,522,R522,VROCN2OXY4,0.0008
157,522,R522,VROCN1OXY6,0.039
99,522,R522,VROCP0OXY4,0.0114
68,522,R522,DCB1,0.2266
56,522,R522,MEK,0.2266
50,522,R522,ACD,0.2266
97,522,R522,ALD,0.2266
128,522,R522,MO2,0.2266
18,522,R522,ETHP,0.2266
41,522,R522,HC3P,0.2266
112,522,R522,MEKP,0.2266
48,523,ECH4,R523,-1.0
188,523,HO,R523,-1.0
128,523,R523,MO2,1.0
67,524,ATRPNJ,R524,-1.0
160,524,R524,AHOMJ,1.0
11,524,R524,HNO3,1.0
7,525,AHONITJ,R525,-1.0
160,525,R525,AHOMJ,1.0
11,525,R525,HNO3,1.0
72,526,STY,R526,-1.0
188,526,HO,R526,-1.0
1,526,R526,STYP,1.0
1,527,STYP,R527,-1.0
142,527,HO2,R527,-1.0
173,527,R527,VROCP3OXY2,1.0
1,528,STYP,R528,-1.0
119,528,NO,R528,-1.0
126,528,R528,NO2,1.0
142,528,R528,HO2,1.0
65,528,R528,HCHO,1.0
51,528,R528,BALD,1.0
1,529,STYP,R529,-1.0
110,529,NO3,R529,-1.0
126,529,R529,NO2,1.0
142,529,R529,HO2,1.0
65,529,R529,HCHO,1.0
51,529,R529,BALD,1.0
1,530,STYP,R530,-1.0
128,530,MO2,R530,-1.0
142,530,R530,HO2,1.0
65,530,R530,HCHO,1.0
51,530,R530,BALD,1.0
65,530,R530,HCHO,0.68
142,530,R530,HO2,0.37
127,530,R530,MOH,0.32
1,531,STYP,R531,-1.0
81,531,ACO3,R531,-1.0
142,531,R531,HO2,1.0
65,531,R531,HCHO,1.0
51,531,R531,BALD,1.0
128,531,R531,MO2,0.7
163,531,R531,ORA2,0.3
